Response ID,Mongo ID,Session ID,Interview Mode,Date,Old Status,New Status,Abandoned Reason,Q7 Found,Q7 Question ID,Q7 Question Text,Q7 Response Value,Created At,Updated At
70f635f5-be15-4e12-b4ca-9fa913b4be82,69528e7e2378da073f4d6a19,cde37b8c-cbb3-44a0-b826-23c210f11f57,capi,December 29, 2025,Pending_Approval,abandoned,Missing Q7 (2025 Preference) response,No,(not found),(not found),(empty/null),2025-12-29T14:21:50.908Z,2025-12-30T21:16:17.537Z
c542612e-376c-4c22-a3ae-c36eb6002d56,6952877d80aa07b665964d81,eebccc9d-7557-4812-a136-39964c28121b,capi,December 29, 2025,Pending_Approval,abandoned,Missing Q7 (2025 Preference) response,No,(not found),(not found),(empty/null),2025-12-29T13:51:58.003Z,2025-12-30T21:16:17.537Z
e6af7c93-b565-41a3-9bd1-e34f63f80514,695274835c553f9f8cb2574d,c3df3b4b-c827-4329-8733-6422ec9349a0,cati,December 29, 2025,Pending_Approval,abandoned,Missing Q7 (2025 Preference) response,No,(not found),(not found),(empty/null),2025-12-29T12:30:59.229Z,2025-12-30T21:16:17.537Z
79a02cc1-72c7-4a35-91d9-76953aa57ee9,69527318afef29a4790a5244,b0c8a5c2-0cb3-4665-b2e1-6039a59c7f35,cati,December 29, 2025,Pending_Approval,abandoned,Missing Q7 (2025 Preference) response,No,(not found),(not found),(empty/null),2025-12-29T12:24:56.468Z,2025-12-30T21:16:17.537Z
945ea571-17c1-4cb3-a807-92280f5a7fe7,695272d67501fea0813fce2d,a485d261-66ac-42e2-b763-159866d498a2,cati,December 29, 2025,Pending_Approval,abandoned,Missing Q7 (2025 Preference) response,No,(not found),(not found),(empty/null),2025-12-29T12:23:50.347Z,2025-12-30T21:16:17.537Z
9e1e25b4-c6a1-4845-9f53-536ba2904652,69527259b4cc77bfa9ffda8c,d31ced27-237b-4fec-bf01-66cc7924fadf,cati,December 29, 2025,Pending_Approval,abandoned,Missing Q7 (2025 Preference) response,No,(not found),(not found),(empty/null),2025-12-29T12:21:45.022Z,2025-12-30T21:16:17.537Z
959ca4bb-cf28-44ad-be61-7f9d69e07370,69527221d642dc79fa9c5052,9b441e0f-2294-4ba4-987e-6e2955b2315f,cati,December 29, 2025,Pending_Approval,abandoned,Missing Q7 (2025 Preference) response,No,(not found),(not found),(empty/null),2025-12-29T12:20:49.253Z,2025-12-30T21:16:17.537Z
83ca8a44-9ae1-4d57-a402-9524931d20f5,6952716fad0be18b8a57a08c,e2731667-57a4-4a40-857c-76cd58c161df,cati,December 29, 2025,Pending_Approval,abandoned,Missing Q7 (2025 Preference) response,No,(not found),(not found),(empty/null),2025-12-29T12:17:51.365Z,2025-12-30T21:16:17.537Z
27686d04-3149-4b3f-bb74-e10bbe972305,6952716cf0d9756f255087e3,f2e08e9b-4096-4c62-b4ff-bdde70efabbe,cati,December 29, 2025,Pending_Approval,abandoned,Missing Q7 (2025 Preference) response,No,(not found),(not found),(empty/null),2025-12-29T12:17:48.951Z,2025-12-30T21:16:17.537Z
ede3eab3-9dc8-46ea-9cf5-df6bc523500d,6952714802e01b6e040a5ad2,58d78153-3c89-47ed-84a0-0277f0c9c259,cati,December 29, 2025,Pending_Approval,abandoned,Missing Q7 (2025 Preference) response,No,(not found),(not found),(empty/null),2025-12-29T12:17:12.127Z,2025-12-30T21:16:17.537Z
2435a767-2ae3-4200-b657-f0989167069f,695271466c2f1fc644207ea9,17e04cd0-bfdf-483d-877a-18485d70b8d4,cati,December 29, 2025,Pending_Approval,abandoned,Missing Q7 (2025 Preference) response,No,(not found),(not found),(empty/null),2025-12-29T12:17:10.851Z,2025-12-30T21:16:17.537Z
c7c2da6a-1004-4343-9d41-de4a502f9644,695270f6118b44c9ba5d24ba,58df6023-9a41-4e65-a145-ebcd18718660,cati,December 29, 2025,Pending_Approval,abandoned,Missing Q7 (2025 Preference) response,No,(not found),(not found),(empty/null),2025-12-29T12:15:50.577Z,2025-12-30T21:16:17.537Z
ef051727-5247-46e0-b15a-4a510978e5f0,69527087435e8fee10a4a737,19a23d55-b363-4b2e-a9d5-0447717c3134,cati,December 29, 2025,Pending_Approval,abandoned,Missing Q7 (2025 Preference) response,No,(not found),(not found),(empty/null),2025-12-29T12:13:59.537Z,2025-12-30T21:16:17.537Z
c868a267-554b-4ed8-b071-0985a41e0e6e,69527053e55c646f35989e8c,3a291cba-7a4a-43e4-a678-9f9ab70e6b23,cati,December 29, 2025,Pending_Approval,abandoned,Missing Q7 (2025 Preference) response,No,(not found),(not found),(empty/null),2025-12-29T12:13:07.621Z,2025-12-30T21:16:17.537Z
d87c9994-7c1f-437c-a77d-778a86eb61ed,6952701a1072d44f3a57530a,ffd5352a-f114-4064-a94d-46633d7459d5,cati,December 29, 2025,Pending_Approval,abandoned,Missing Q7 (2025 Preference) response,No,(not found),(not found),(empty/null),2025-12-29T12:12:10.654Z,2025-12-30T21:16:17.537Z
b43e8e9e-a8bf-4dfd-940f-1240f83def5d,69526f1999d00eae05b07c7d,62f6e6ad-3106-4b0b-8c49-71576cdb33e7,cati,December 29, 2025,Pending_Approval,abandoned,Missing Q7 (2025 Preference) response,No,(not found),(not found),(empty/null),2025-12-29T12:07:53.454Z,2025-12-30T21:16:17.537Z
c92a35c6-983c-4e40-8b0b-a57002720a2d,69526ebe3a8336ffaa9df7ac,f6789a9c-d2a9-4725-acf0-a7ebe6a1a1a6,cati,December 29, 2025,Pending_Approval,abandoned,Missing Q7 (2025 Preference) response,No,(not found),(not found),(empty/null),2025-12-29T12:06:22.828Z,2025-12-30T21:16:17.537Z
fe59d892-06c2-4294-ad5c-e94ba0ca5f61,69526de6ccf0fed5e13c8804,f6595bea-622e-42bb-aa0c-cfe2e4ad1628,cati,December 29, 2025,Pending_Approval,abandoned,Missing Q7 (2025 Preference) response,No,(not found),(not found),(empty/null),2025-12-29T12:02:46.749Z,2025-12-30T21:16:17.537Z
ace1ed4a-8e69-4a0f-809c-4dce5f2b7f06,69526db32b99d8ce63d00ee3,f10374b2-0489-49b1-b418-84468ecedeb8,cati,December 29, 2025,Pending_Approval,abandoned,Missing Q7 (2025 Preference) response,No,(not found),(not found),(empty/null),2025-12-29T12:01:55.627Z,2025-12-30T21:16:17.537Z
369d77dc-0050-4102-ac3b-1a7a8faa5294,69526d942b0c0ff07d1da558,cffc1e67-3b09-40c4-81b1-79cdff08aa2d,cati,December 29, 2025,Pending_Approval,abandoned,Missing Q7 (2025 Preference) response,No,(not found),(not found),(empty/null),2025-12-29T12:01:24.479Z,2025-12-30T21:16:17.537Z
5e11e2e5-f0f2-4b36-a919-98589dbf2c40,69526d93e7b4b49d35910365,8aad68ed-9dda-46cb-ba5e-c3baa38cc055,cati,December 29, 2025,Pending_Approval,abandoned,Missing Q7 (2025 Preference) response,No,(not found),(not found),(empty/null),2025-12-29T12:01:23.358Z,2025-12-30T21:16:17.537Z
8d251df3-6dc0-4030-adb9-3473cd826efd,69526d73e411969a8a757771,28c19f15-4603-46b0-9e79-8494ac81e567,cati,December 29, 2025,Pending_Approval,abandoned,Missing Q7 (2025 Preference) response,No,(not found),(not found),(empty/null),2025-12-29T12:00:51.527Z,2025-12-30T21:16:17.537Z
78e556c0-8805-47b4-921c-86cb1b8e128e,69526ce1e7b4b49d35909678,aa20cafa-a765-4b88-8f06-b47b5e35d506,cati,December 29, 2025,Pending_Approval,abandoned,Missing Q7 (2025 Preference) response,No,(not found),(not found),(empty/null),2025-12-29T11:58:25.703Z,2025-12-30T21:16:17.537Z
994be25b-b9c8-42ee-ba84-af0ae914ef91,69526c64051f56c964e31441,5c769ac9-2a94-4e19-9e00-3d732225c0a0,cati,December 29, 2025,Pending_Approval,abandoned,Missing Q7 (2025 Preference) response,No,(not found),(not found),(empty/null),2025-12-29T11:56:20.977Z,2025-12-30T21:16:17.537Z
51378fda-fd16-4c2d-8237-46f5c4c7e4c1,69526c3e967e832c332f18b8,e509c15a-a12e-4b04-bfcf-9b88426ebba6,cati,December 29, 2025,Pending_Approval,abandoned,Missing Q7 (2025 Preference) response,No,(not found),(not found),(empty/null),2025-12-29T11:55:42.843Z,2025-12-30T21:16:17.537Z
b52be93e-3fb6-4543-9be4-71572b33d63e,69526c072bf5cc755e7b696f,79c5974e-d321-4a47-a9ea-c81eec9c081a,cati,December 29, 2025,Pending_Approval,abandoned,Missing Q7 (2025 Preference) response,No,(not found),(not found),(empty/null),2025-12-29T11:54:47.312Z,2025-12-30T21:16:17.537Z
576852d4-2d73-402a-8650-e29cb4855526,69526b70637e03fd25ef794e,af202e9d-8c55-46e1-9a89-d5eccd8e341d,cati,December 29, 2025,Pending_Approval,abandoned,Missing Q7 (2025 Preference) response,No,(not found),(not found),(empty/null),2025-12-29T11:52:16.988Z,2025-12-30T21:16:17.537Z
7d239cca-7252-4399-a58a-c498f869d0d9,69526b573afa3b658197d335,355bb96d-ceac-4d67-a361-9fbaed35e40c,cati,December 29, 2025,Pending_Approval,abandoned,Missing Q7 (2025 Preference) response,No,(not found),(not found),(empty/null),2025-12-29T11:51:51.041Z,2025-12-30T21:16:17.537Z
e2cd17a9-633b-408f-a54e-d50301f40dda,69526b4b7ca4014548ab1d3b,4c826715-f0b5-455a-a04d-acd8e3e6aa1d,cati,December 29, 2025,Pending_Approval,abandoned,Missing Q7 (2025 Preference) response,No,(not found),(not found),(empty/null),2025-12-29T11:51:39.907Z,2025-12-30T21:16:17.537Z
e3501c9f-fc77-4c66-95fa-1774160e39af,69526b31efb3524d7e004646,17b80a4f-db16-4743-b23e-0b910da10a35,cati,December 29, 2025,Pending_Approval,abandoned,Missing Q7 (2025 Preference) response,No,(not found),(not found),(empty/null),2025-12-29T11:51:13.142Z,2025-12-30T21:16:17.537Z
0708dc06-b30b-441a-be09-cc1e95bb7fa3,69526b1bdb3b899f5c7590c6,2364ee65-05f3-4f7d-9493-1fde20cfe59b,cati,December 29, 2025,Pending_Approval,abandoned,Missing Q7 (2025 Preference) response,No,(not found),(not found),(empty/null),2025-12-29T11:50:51.739Z,2025-12-30T21:16:17.537Z
4cf3c62a-3cbb-4f85-8dce-691f3fb3c046,69526ab5ee075ff3b5e9da99,ec423935-65fb-4097-9801-09f4bb6cff7b,cati,December 29, 2025,Pending_Approval,abandoned,Missing Q7 (2025 Preference) response,No,(not found),(not found),(empty/null),2025-12-29T11:49:09.814Z,2025-12-30T21:16:17.538Z
16882304-6f9c-47ca-b498-27a1b5831aac,69526a88bc25900c6d5623da,a13241bc-f8ca-4964-8aa3-d8999749f4c7,cati,December 29, 2025,Pending_Approval,abandoned,Missing Q7 (2025 Preference) response,No,(not found),(not found),(empty/null),2025-12-29T11:48:24.271Z,2025-12-30T21:16:17.538Z
7c1e0856-0de0-4299-a347-68daed2693f8,69526a43426daa7e562328c1,f8e4e708-afe9-4029-b251-5d4f10720b4b,cati,December 29, 2025,Pending_Approval,abandoned,Missing Q7 (2025 Preference) response,No,(not found),(not found),(empty/null),2025-12-29T11:47:15.932Z,2025-12-30T21:16:17.538Z
7d55e489-10a3-4613-b68f-25f5e4045e80,6952689df0351d4ecec81137,a4b5f544-c80a-414f-b000-8b56b655fe75,cati,December 29, 2025,Pending_Approval,abandoned,Missing Q7 (2025 Preference) response,No,(not found),(not found),(empty/null),2025-12-29T11:40:13.087Z,2025-12-30T21:16:17.538Z
b644b101-399d-4a28-8934-6e1b4fd511f0,69526831fab07a8d7eae8d3e,a7208b7d-04d6-4063-8f45-cecab5460740,cati,December 29, 2025,Pending_Approval,abandoned,Missing Q7 (2025 Preference) response,No,(not found),(not found),(empty/null),2025-12-29T11:38:25.429Z,2025-12-30T21:16:17.538Z
891ce24a-5cb7-446a-9c3a-5c358838ad12,69526826d7d21af284dd0bb9,da6c2c58-4c00-4498-b42c-e783bd9f5923,cati,December 29, 2025,Pending_Approval,abandoned,Missing Q7 (2025 Preference) response,No,(not found),(not found),(empty/null),2025-12-29T11:38:14.289Z,2025-12-30T21:16:17.538Z
13f2bac9-d5be-42c3-a108-cecf8d81f094,6952680f99dec7c86a2350e4,73fcc4e2-30f8-4c0f-9b2b-b750c5b79f96,cati,December 29, 2025,Pending_Approval,abandoned,Missing Q7 (2025 Preference) response,No,(not found),(not found),(empty/null),2025-12-29T11:37:51.212Z,2025-12-30T21:16:17.538Z
f389f94e-3515-4418-a146-b281cdbc1898,695267ca2ae86a5c9d750dc8,69b7c25b-fc01-4a11-87bc-3d0deb5fe80b,cati,December 29, 2025,Pending_Approval,abandoned,Missing Q7 (2025 Preference) response,No,(not found),(not found),(empty/null),2025-12-29T11:36:42.444Z,2025-12-30T21:16:17.538Z
5a639af9-a1f5-499b-96f2-4eb347859b4c,695267bafab07a8d7eae2c33,d151db04-f244-4e35-801c-57b753e7052c,cati,December 29, 2025,Pending_Approval,abandoned,Missing Q7 (2025 Preference) response,No,(not found),(not found),(empty/null),2025-12-29T11:36:26.903Z,2025-12-30T21:16:17.538Z
1b8e69af-173f-449a-add7-ff934773254e,695267a615c65985703219e8,7deaa2f6-2588-4b16-bae0-2cc648eb1f6b,cati,December 29, 2025,Pending_Approval,abandoned,Missing Q7 (2025 Preference) response,No,(not found),(not found),(empty/null),2025-12-29T11:36:06.718Z,2025-12-30T21:16:17.538Z
4344e974-5a87-4c9a-a341-2188420f0635,6952678ee0bb7ddce1ec9d51,99cb080f-e2f5-4fa6-92ca-9207be5df89b,cati,December 29, 2025,Pending_Approval,abandoned,Missing Q7 (2025 Preference) response,No,(not found),(not found),(empty/null),2025-12-29T11:35:42.492Z,2025-12-30T21:16:17.538Z
f8b37291-2409-4fd4-ad51-028554e955b1,695267854608929ab0b15481,2e2001b8-8866-40f5-b1e1-d44f4c8741d5,cati,December 29, 2025,Pending_Approval,abandoned,Missing Q7 (2025 Preference) response,No,(not found),(not found),(empty/null),2025-12-29T11:35:33.914Z,2025-12-30T21:16:17.538Z
8b0be02b-559b-4494-8602-3e33356690ca,6952677a15c659857031ec61,63ca4dee-90af-4689-87f2-c059cdbbc6a1,cati,December 29, 2025,Pending_Approval,abandoned,Missing Q7 (2025 Preference) response,No,(not found),(not found),(empty/null),2025-12-29T11:35:22.238Z,2025-12-30T21:16:17.538Z
12c8a863-3158-4b2f-9352-5f739443b67c,69526759eb866d8e65d28ad7,6e66fc05-b9b1-47c7-8813-8ad172be288e,cati,December 29, 2025,Pending_Approval,abandoned,Missing Q7 (2025 Preference) response,No,(not found),(not found),(empty/null),2025-12-29T11:34:49.372Z,2025-12-30T21:16:17.538Z
b0e3590f-890e-4201-9b0e-b8c43a589e14,6952673f3a548086566b1b68,fede6f1f-921d-473f-96d6-8de0edfb9bca,cati,December 29, 2025,Pending_Approval,abandoned,Missing Q7 (2025 Preference) response,No,(not found),(not found),(empty/null),2025-12-29T11:34:23.390Z,2025-12-30T21:16:17.538Z
1d893253-c7b9-40cc-9efb-a8cdc4bd5311,69526737b64dfd0b669f2c58,05bd7ab3-93b3-4276-9039-c2105ce9ae08,cati,December 29, 2025,Pending_Approval,abandoned,Missing Q7 (2025 Preference) response,No,(not found),(not found),(empty/null),2025-12-29T11:34:15.059Z,2025-12-30T21:16:17.538Z
cefa9dae-43bd-4563-a183-64f4b387160a,6952671b3a548086566aedf6,83fc77a5-1d88-4df5-8400-05ba9576cafa,cati,December 29, 2025,Pending_Approval,abandoned,Missing Q7 (2025 Preference) response,No,(not found),(not found),(empty/null),2025-12-29T11:33:47.222Z,2025-12-30T21:16:17.538Z
8bd54ca3-92f9-41dc-93c4-bd4bb4376ff0,695266d55b88ff5c60627c90,3904a106-2ab0-43e7-8ad1-7ddbcfe0225c,cati,December 29, 2025,Pending_Approval,abandoned,Missing Q7 (2025 Preference) response,No,(not found),(not found),(empty/null),2025-12-29T11:32:37.496Z,2025-12-30T21:16:17.538Z
26e8b40a-7b41-424d-b375-9fc459553446,695266ca997699a62a1fcef6,a92071bb-4d9f-433f-8fe1-20855cc3f7e6,cati,December 29, 2025,Pending_Approval,abandoned,Missing Q7 (2025 Preference) response,No,(not found),(not found),(empty/null),2025-12-29T11:32:26.688Z,2025-12-30T21:16:17.538Z
b178a54d-967a-4a09-9176-1e1247730ed1,695266a4ba72c81a54b4f240,46c676ae-213a-4e92-a93a-38c6aa1aa470,cati,December 29, 2025,Pending_Approval,abandoned,Missing Q7 (2025 Preference) response,No,(not found),(not found),(empty/null),2025-12-29T11:31:48.867Z,2025-12-30T21:16:17.538Z
6b17a0f7-b1d4-4bb2-a4be-c5bc7872d01c,695266520dff6349a6e8ead1,629a2cd5-fa27-489c-aeea-528587ab7950,cati,December 29, 2025,Pending_Approval,abandoned,Missing Q7 (2025 Preference) response,No,(not found),(not found),(empty/null),2025-12-29T11:30:26.148Z,2025-12-30T21:16:17.538Z
df5ce3f6-134b-454a-8704-9dd1beed6655,69526616bd8efe8fbcf2831e,3c602e8d-7dac-4e34-95eb-c06b3db39d17,cati,December 29, 2025,Pending_Approval,abandoned,Missing Q7 (2025 Preference) response,No,(not found),(not found),(empty/null),2025-12-29T11:29:26.203Z,2025-12-30T21:16:17.538Z
269564c8-7d91-48c8-8c6c-235108d30edd,6952653159650927ecc3656d,97d27f86-d1a5-42b1-9dc3-53e0c70755c3,cati,December 29, 2025,Pending_Approval,abandoned,Missing Q7 (2025 Preference) response,No,(not found),(not found),(empty/null),2025-12-29T11:25:37.156Z,2025-12-30T21:16:17.538Z
1cf109ab-c605-4f5f-b167-77e4e086a70b,695264e8f4bce4134ad98fca,bf907ac2-0999-450d-9165-bc746e3ef93b,cati,December 29, 2025,Pending_Approval,abandoned,Missing Q7 (2025 Preference) response,No,(not found),(not found),(empty/null),2025-12-29T11:24:24.319Z,2025-12-30T21:16:17.538Z
42e1226d-b72b-4347-8462-877178b74f2b,695264caf4bce4134ad96a66,610dfed3-531d-4b8e-bcc4-5e34018f4507,cati,December 29, 2025,Pending_Approval,abandoned,Missing Q7 (2025 Preference) response,No,(not found),(not found),(empty/null),2025-12-29T11:23:54.641Z,2025-12-30T21:16:17.538Z
087f983c-2a8b-4b42-b13a-9d17f3fba013,695264c013a7b6d84f9e8c26,f8fbbc10-20a9-4c80-8b2a-8b38f53d3bd8,cati,December 29, 2025,Pending_Approval,abandoned,Missing Q7 (2025 Preference) response,No,(not found),(not found),(empty/null),2025-12-29T11:23:44.665Z,2025-12-30T21:16:17.538Z
3650421c-23e3-4032-943f-a04d9b7be967,6952645dd1ae9778111d068f,9e7fd411-3c16-4529-927b-ac521256d337,cati,December 29, 2025,Pending_Approval,abandoned,Missing Q7 (2025 Preference) response,No,(not found),(not found),(empty/null),2025-12-29T11:22:05.826Z,2025-12-30T21:16:17.538Z
51718627-60f8-48d5-a9dc-fbf9dd92cf0e,695263dcbed84921b07cee98,65dad8f3-ed9c-41fb-a203-49292da2046f,cati,December 29, 2025,Pending_Approval,abandoned,Missing Q7 (2025 Preference) response,No,(not found),(not found),(empty/null),2025-12-29T11:19:56.746Z,2025-12-30T21:16:17.538Z
22552490-9d79-42ac-a8ca-376b017f0d51,695261cc0851d582f6d797f5,a5d36121-8f8e-406b-9e7b-cadd6d3b3c35,cati,December 29, 2025,Pending_Approval,abandoned,Missing Q7 (2025 Preference) response,No,(not found),(not found),(empty/null),2025-12-29T11:11:08.785Z,2025-12-30T21:16:17.538Z
1d7e6ef8-a22a-4df8-9331-328db91c776f,695261aa0851d582f6d7668b,335db9c6-5e31-4513-b6c9-8ebe533dd3c3,cati,December 29, 2025,Pending_Approval,abandoned,Missing Q7 (2025 Preference) response,No,(not found),(not found),(empty/null),2025-12-29T11:10:34.858Z,2025-12-30T21:16:17.538Z
22e472a3-fcde-4f16-b37c-9f00fbcc0522,6952612997a3ef88b7e62bef,a385f0f6-3ba7-4113-8464-4f15f0e7a82d,cati,December 29, 2025,Pending_Approval,abandoned,Missing Q7 (2025 Preference) response,No,(not found),(not found),(empty/null),2025-12-29T11:08:25.130Z,2025-12-30T21:16:17.538Z
76c1e73f-3b5f-4ba5-9427-6c57d5cfa1e4,6952611f5c9332836967b435,86e29153-e764-4d13-bd91-4171a4eb925d,cati,December 29, 2025,Pending_Approval,abandoned,Missing Q7 (2025 Preference) response,No,(not found),(not found),(empty/null),2025-12-29T11:08:15.982Z,2025-12-30T21:16:17.538Z
4e1105dc-5056-400c-b041-4540fb750531,695261068bd6ac0b45c43b37,57c1258b-a6e0-4d68-82c7-36636fab5585,cati,December 29, 2025,Pending_Approval,abandoned,Missing Q7 (2025 Preference) response,No,(not found),(not found),(empty/null),2025-12-29T11:07:50.576Z,2025-12-30T21:16:17.538Z
4d8ae768-545e-4758-9dd2-7b5401877de1,695260d9e9959aa05c0c9e0a,723fa417-747d-4572-ba05-f709d62ed002,cati,December 29, 2025,Pending_Approval,abandoned,Missing Q7 (2025 Preference) response,No,(not found),(not found),(empty/null),2025-12-29T11:07:05.795Z,2025-12-30T21:16:17.538Z
6d0f1986-eeba-47d5-8d0e-25b8d4379356,695260b55d976c1a6f8b3992,6498c458-c1d2-48c3-9aab-576b14c37b5e,cati,December 29, 2025,Pending_Approval,abandoned,Missing Q7 (2025 Preference) response,No,(not found),(not found),(empty/null),2025-12-29T11:06:29.081Z,2025-12-30T21:16:17.538Z
9bb927a8-0387-42eb-a73a-7652ba6e1409,6952608a2641b6bbd708a8fb,49c9e6e2-0ade-460e-9e2a-d41e73211e57,cati,December 29, 2025,Pending_Approval,abandoned,Missing Q7 (2025 Preference) response,No,(not found),(not found),(empty/null),2025-12-29T11:05:46.938Z,2025-12-30T21:16:17.538Z
f5dae271-8f9f-4f86-88f3-461f2955b6cd,69526042f133a0da9a357e22,70f4226b-0d5b-4354-a7e5-4641e175a391,cati,December 29, 2025,Pending_Approval,abandoned,Missing Q7 (2025 Preference) response,No,(not found),(not found),(empty/null),2025-12-29T11:04:34.673Z,2025-12-30T21:16:17.538Z
253f50f7-3791-4761-bce4-d3b3e02d4b0c,6952603e6650ea1a01974905,44e36a67-2cd8-4957-8c11-10d8d45969e1,cati,December 29, 2025,Pending_Approval,abandoned,Missing Q7 (2025 Preference) response,No,(not found),(not found),(empty/null),2025-12-29T11:04:30.654Z,2025-12-30T21:16:17.538Z
ab4fe9c0-8427-4b89-8c54-acb31b1fe3e0,695260029946948f699b76af,973eae2c-cecf-4fe4-9bec-4f998155d58a,cati,December 29, 2025,Pending_Approval,abandoned,Missing Q7 (2025 Preference) response,No,(not found),(not found),(empty/null),2025-12-29T11:03:30.987Z,2025-12-30T21:16:17.538Z
7058f6e0-d372-4593-a242-05341ec686ae,69525fec237329d70108385a,80445e66-eac5-48f5-95af-d99c42dc5352,cati,December 29, 2025,Pending_Approval,abandoned,Missing Q7 (2025 Preference) response,No,(not found),(not found),(empty/null),2025-12-29T11:03:08.428Z,2025-12-30T21:16:17.538Z
65174123-ed6e-4d67-b764-432430204a01,69525f7c69b85c037f2a35f2,8b56c25b-f180-4409-9582-726cd54d0f78,cati,December 29, 2025,Pending_Approval,abandoned,Missing Q7 (2025 Preference) response,No,(not found),(not found),(empty/null),2025-12-29T11:01:16.500Z,2025-12-30T21:16:17.538Z
7c26dc66-99b4-4408-b22c-c9c7437f2d64,69525e51e933052651e126b7,a9f892b8-e00a-49d2-85b5-f8cd1dbc8ca8,cati,December 29, 2025,Pending_Approval,abandoned,Missing Q7 (2025 Preference) response,No,(not found),(not found),(empty/null),2025-12-29T10:56:17.098Z,2025-12-30T21:16:17.538Z
50677649-cf4f-4310-a028-f5d586e12bf6,69525d1a416ffbae4b2d2337,6f162d2f-0e9c-46a9-b993-b32a08dc86db,cati,December 29, 2025,Pending_Approval,abandoned,Missing Q7 (2025 Preference) response,No,(not found),(not found),(empty/null),2025-12-29T10:51:06.188Z,2025-12-30T21:16:17.538Z
c57a1cf7-dc12-4c9a-bee2-0c63d8e3de8a,69525cee669e8647eb1585be,4c2d3ae3-d645-449a-aad9-e8e85b0b4571,cati,December 29, 2025,Pending_Approval,abandoned,Missing Q7 (2025 Preference) response,No,(not found),(not found),(empty/null),2025-12-29T10:50:22.112Z,2025-12-30T21:16:17.538Z
ceb9365a-139c-47f7-9dc8-7fbaf5746e50,69525cae97f10cd4a8126105,c3ea9a9a-a81e-4968-a11e-70eeb56100d3,cati,December 29, 2025,Pending_Approval,abandoned,Missing Q7 (2025 Preference) response,No,(not found),(not found),(empty/null),2025-12-29T10:49:18.943Z,2025-12-30T21:16:17.538Z
b1d0ce54-8fef-4953-b903-c4771f0eac4b,69525ca34fe60d914116ac84,fc71fefd-19ec-40a7-b1a6-a2bc524a3e00,cati,December 29, 2025,Pending_Approval,abandoned,Missing Q7 (2025 Preference) response,No,(not found),(not found),(empty/null),2025-12-29T10:49:07.668Z,2025-12-30T21:16:17.538Z
36dafcc3-09f9-44b8-aef8-de626cdda907,69525c5580fe055d1da7189c,89f7db4a-1051-4b25-b7e2-768adada9031,cati,December 29, 2025,Pending_Approval,abandoned,Missing Q7 (2025 Preference) response,No,(not found),(not found),(empty/null),2025-12-29T10:47:49.210Z,2025-12-30T21:16:17.538Z
222df97b-20d1-4dbb-b8bd-cc4f8b48a5c2,69525c1f48504dafd3bcb825,bb8b0b9e-5ba9-48c6-a762-732b35b8408d,cati,December 29, 2025,Pending_Approval,abandoned,Missing Q7 (2025 Preference) response,No,(not found),(not found),(empty/null),2025-12-29T10:46:55.703Z,2025-12-30T21:16:17.538Z
9a3738ce-9acb-4822-b649-419b846fb020,695257ff9d3bc4e6b9c38bc9,e6c01200-bb1b-4a7f-ad61-e5a5a333b439,cati,December 29, 2025,Pending_Approval,abandoned,Missing Q7 (2025 Preference) response,No,(not found),(not found),(empty/null),2025-12-29T10:29:19.104Z,2025-12-30T21:16:17.538Z
23ed0d34-a181-4445-b24e-a96dc9cc467c,695257d7fab78d83bd916779,2bed65ff-9277-4807-a13f-c86eaa5860b8,cati,December 29, 2025,Pending_Approval,abandoned,Missing Q7 (2025 Preference) response,No,(not found),(not found),(empty/null),2025-12-29T10:28:39.943Z,2025-12-30T21:16:17.538Z
a1d94273-5928-48b3-93a1-64da94bc3294,6952579ca8c4d707cbd8fffa,a10a5461-4727-4fb9-957e-ae44d5433d9e,cati,December 29, 2025,Pending_Approval,abandoned,Missing Q7 (2025 Preference) response,No,(not found),(not found),(empty/null),2025-12-29T10:27:40.268Z,2025-12-30T21:16:17.538Z
81f51333-135e-4abe-8c6e-6c9888bae633,6952576da8c4d707cbd8dea3,114bc46f-d5f3-4331-b4ad-5e730beda45e,cati,December 29, 2025,Pending_Approval,abandoned,Missing Q7 (2025 Preference) response,No,(not found),(not found),(empty/null),2025-12-29T10:26:53.016Z,2025-12-30T21:16:17.538Z
8b18371a-0392-417b-81b4-729d1771c590,695256b299a90aeaf4f8fd8c,b94b2fe3-40fb-4acd-9113-20473dbf27ec,cati,December 29, 2025,Pending_Approval,abandoned,Missing Q7 (2025 Preference) response,No,(not found),(not found),(empty/null),2025-12-29T10:23:46.323Z,2025-12-30T21:16:17.538Z
81896dd0-9dcd-4972-84f9-8b798ec96aaf,6952569399a90aeaf4f8e282,d080500e-bc56-4820-9392-ae00f0f9da50,cati,December 29, 2025,Pending_Approval,abandoned,Missing Q7 (2025 Preference) response,No,(not found),(not found),(empty/null),2025-12-29T10:23:15.287Z,2025-12-30T21:16:17.538Z
a542a59b-9a2c-4390-9319-0e8c8e15260a,6952567136f20c1b776e93f4,b6de7207-0864-4a1f-ae5f-282d5c4edd4f,cati,December 29, 2025,Pending_Approval,abandoned,Missing Q7 (2025 Preference) response,No,(not found),(not found),(empty/null),2025-12-29T10:22:41.595Z,2025-12-30T21:16:17.538Z
1b9ce434-ff4c-47a9-80aa-40341d61e27c,6952564f9852dc12ebc91af3,ccea60e1-6bbd-497f-9eb3-f5082e6db599,cati,December 29, 2025,Pending_Approval,abandoned,Missing Q7 (2025 Preference) response,No,(not found),(not found),(empty/null),2025-12-29T10:22:07.886Z,2025-12-30T21:16:17.538Z
d3fd7d96-43ed-4c15-917f-c551b27ed329,6952560acee084717a221f87,c44b3db8-bdca-4a00-b63c-005652e9fca3,cati,December 29, 2025,Pending_Approval,abandoned,Missing Q7 (2025 Preference) response,No,(not found),(not found),(empty/null),2025-12-29T10:20:58.625Z,2025-12-30T21:16:17.538Z
a3afc9f2-33a0-4026-9f32-fee1aab395eb,695255d7cee084717a220547,e73338e5-2658-429e-b1a1-92d221f98a65,cati,December 29, 2025,Pending_Approval,abandoned,Missing Q7 (2025 Preference) response,No,(not found),(not found),(empty/null),2025-12-29T10:20:07.831Z,2025-12-30T21:16:17.538Z
36d61120-5b33-452d-b47e-cfadaa120e74,695255b4500b6de6cd767237,5e0af07c-5332-49d3-a431-22039102a320,cati,December 29, 2025,Pending_Approval,abandoned,Missing Q7 (2025 Preference) response,No,(not found),(not found),(empty/null),2025-12-29T10:19:32.847Z,2025-12-30T21:16:17.538Z
2e74d240-1e5a-4a8c-847a-d234e9b4655b,695255a243b0a9baa82edcb2,2f1f1830-c8a2-4edd-8c1a-d7eb8b8624ae,cati,December 29, 2025,Pending_Approval,abandoned,Missing Q7 (2025 Preference) response,No,(not found),(not found),(empty/null),2025-12-29T10:19:14.565Z,2025-12-30T21:16:17.538Z
3b7d0d9e-444c-4757-a1d7-e0be31ec7ae9,69525567fdedd5e48c1dd5a9,a6269c72-23e7-4ec8-a8c7-35394c0cd497,cati,December 29, 2025,Pending_Approval,abandoned,Missing Q7 (2025 Preference) response,No,(not found),(not found),(empty/null),2025-12-29T10:18:15.577Z,2025-12-30T21:16:17.538Z
e1b62f8f-d047-48e0-b6d2-069874d23d2c,695254e3934e899c14de4a17,2e60fdc2-af71-4ac6-b847-9b7acb399bdb,cati,December 29, 2025,Pending_Approval,abandoned,Missing Q7 (2025 Preference) response,No,(not found),(not found),(empty/null),2025-12-29T10:16:03.936Z,2025-12-30T21:16:17.538Z
209c89fc-4684-49ef-968f-d62b7b984895,695254906d86c855eb891314,b0337435-5ee6-4405-9ad5-a9cf6863b23d,cati,December 29, 2025,Pending_Approval,abandoned,Missing Q7 (2025 Preference) response,No,(not found),(not found),(empty/null),2025-12-29T10:14:40.449Z,2025-12-30T21:16:17.538Z
2c5f90dd-bba8-485a-a96c-a28e370d99ab,695254631c5f9bf67a9f0423,f77ca2ec-101e-486d-a71f-17e6c6c03ec0,cati,December 29, 2025,Pending_Approval,abandoned,Missing Q7 (2025 Preference) response,No,(not found),(not found),(empty/null),2025-12-29T10:13:55.727Z,2025-12-30T21:16:17.538Z
ec429642-5c2e-4136-a21d-97a688e7f3bb,695253e43bbb61f1f4398255,7308aa2d-741f-4127-962c-15c2a8188198,cati,December 29, 2025,Pending_Approval,abandoned,Missing Q7 (2025 Preference) response,No,(not found),(not found),(empty/null),2025-12-29T10:11:48.346Z,2025-12-30T21:16:17.538Z
d2ebd381-1bbc-4808-a5c0-4285726a3d4e,695252b9e5c3ee178909ce63,f0cded34-57b6-4e59-a083-c6408695b948,cati,December 29, 2025,Pending_Approval,abandoned,Missing Q7 (2025 Preference) response,No,(not found),(not found),(empty/null),2025-12-29T10:06:49.733Z,2025-12-30T21:16:17.538Z
2ea10089-faad-401a-a925-aefef0a4ce85,6952526e74332cb4b9d613f7,645c123c-9a55-4d4d-832b-aad2945939d1,capi,December 29, 2025,Pending_Approval,abandoned,Missing Q7 (2025 Preference) response,No,(not found),(not found),(empty/null),2025-12-29T10:05:34.846Z,2025-12-30T21:16:17.538Z
f84e4d2d-b033-47bd-afc1-39af0777261c,69525244c4db887b23005b86,603b318f-2f15-4ac6-999d-eae17be3d640,cati,December 29, 2025,Pending_Approval,abandoned,Missing Q7 (2025 Preference) response,No,(not found),(not found),(empty/null),2025-12-29T10:04:52.167Z,2025-12-30T21:16:17.538Z
c32859c9-cd8b-4dc2-b4b6-c8a4d710792a,69525170f0697d8de738b4be,d30e5226-dee9-4b88-87c3-dc93b7c5ee0e,capi,December 29, 2025,Pending_Approval,abandoned,Missing Q7 (2025 Preference) response,No,(not found),(not found),(empty/null),2025-12-29T10:01:20.128Z,2025-12-30T21:16:17.538Z
ed991872-1580-4a81-84a0-ec62c0b2c702,69524ee360c2b4c4263a7d52,20e7bdb9-d40c-448f-8a40-24fe3790f57b,capi,December 29, 2025,Pending_Approval,abandoned,Missing Q7 (2025 Preference) response,No,(not found),(not found),(empty/null),2025-12-29T09:50:27.928Z,2025-12-30T21:16:17.538Z
e77f9691-309f-4cb3-9fc2-6d8a440c92e9,69524edcd97d6cc5a93fd324,126060a1-dab9-4b54-963c-a4e910d4c901,capi,December 29, 2025,Pending_Approval,abandoned,Missing Q7 (2025 Preference) response,No,(not found),(not found),(empty/null),2025-12-29T09:50:20.301Z,2025-12-30T21:16:17.538Z
cb988cf5-6ebc-4c45-9c3e-54d7a964136a,69524ed260c2b4c4263a6f90,0f188de2-71b2-463b-974a-dd3ee9eb6472,capi,December 29, 2025,Pending_Approval,abandoned,Missing Q7 (2025 Preference) response,No,(not found),(not found),(empty/null),2025-12-29T09:50:10.382Z,2025-12-30T21:16:17.538Z
7a332380-b03d-431f-a12e-972093dae17d,69524da94f411b21299ae67b,ec707833-13da-4e29-b77d-e319b8e48a3c,cati,December 29, 2025,Pending_Approval,abandoned,Missing Q7 (2025 Preference) response,No,(not found),(not found),(empty/null),2025-12-29T09:45:13.121Z,2025-12-30T21:16:17.538Z
320113e0-303d-4687-b41a-aebd884345e5,69524d88c9e3e8a0b6f2d4e6,772dd5eb-7392-4121-b3be-bf1f707e4afb,capi,December 29, 2025,Pending_Approval,abandoned,Missing Q7 (2025 Preference) response,No,(not found),(not found),(empty/null),2025-12-29T09:44:40.789Z,2025-12-30T21:16:17.538Z
97cb0e7f-fa42-4467-82f1-4d72a1c7c845,69524c6085fb1fcc228eb477,374de00b-9392-4b80-aa2e-c9846d96acb0,cati,December 29, 2025,Pending_Approval,abandoned,Missing Q7 (2025 Preference) response,No,(not found),(not found),(empty/null),2025-12-29T09:39:44.861Z,2025-12-30T21:16:17.538Z
5c24fb97-2cad-4cef-9965-a95684384f2e,69524b14a548abe7c13dddc8,72e45853-3792-42e9-ad6c-aeffeae4817d,capi,December 29, 2025,Pending_Approval,abandoned,Missing Q7 (2025 Preference) response,No,(not found),(not found),(empty/null),2025-12-29T09:34:12.975Z,2025-12-30T21:16:17.538Z
dae5a23f-c1dc-441a-aa26-4eea6163842f,69524938454f6601b904a6da,48bfc4eb-729f-405a-9a1a-81f87c789426,cati,December 29, 2025,Pending_Approval,abandoned,Missing Q7 (2025 Preference) response,No,(not found),(not found),(empty/null),2025-12-29T09:26:16.749Z,2025-12-30T21:16:17.538Z
aab10edd-5847-427e-9eab-02daa5b1863c,69524913454f6601b9049a1a,40b0e2c8-f998-4c0e-bf97-c49659d685df,cati,December 29, 2025,Pending_Approval,abandoned,Missing Q7 (2025 Preference) response,No,(not found),(not found),(empty/null),2025-12-29T09:25:39.265Z,2025-12-30T21:16:17.538Z
22b51a58-6113-4b58-97a4-1242b97d4991,6952412ce01b9bea3edb945d,9bee4019-8fc2-4447-a434-31ccbfc53050,cati,December 29, 2025,Pending_Approval,abandoned,Missing Q7 (2025 Preference) response,No,(not found),(not found),(empty/null),2025-12-29T08:51:56.884Z,2025-12-30T21:16:17.538Z
0047d4ac-837c-448c-b699-02802630e00a,69523e98b665ceb0f36bf61e,40a861bc-5854-4b5a-9644-c58071377833,cati,December 29, 2025,Pending_Approval,abandoned,Missing Q7 (2025 Preference) response,No,(not found),(not found),(empty/null),2025-12-29T08:40:56.617Z,2025-12-30T21:16:17.538Z
2f76d091-7108-4306-b5ef-686093fc589e,69523e7799eacf5155a3b6e4,162d812a-c89f-4a67-8718-09d57b0c780e,cati,December 29, 2025,Pending_Approval,abandoned,Missing Q7 (2025 Preference) response,No,(not found),(not found),(empty/null),2025-12-29T08:40:23.830Z,2025-12-30T21:16:17.538Z
6263ea92-064d-4a41-bdd5-ccce57eb1f30,69523dd6536bfad0c3d580d0,7730fd61-fad0-4c9b-8301-cfe5741bd29a,cati,December 29, 2025,Pending_Approval,abandoned,Missing Q7 (2025 Preference) response,No,(not found),(not found),(empty/null),2025-12-29T08:37:42.855Z,2025-12-30T21:16:17.538Z
ec7b6fb5-7c93-4857-9c9b-93d327e50a33,69523d9ae840183314bc616a,c4a19bc7-71d7-437d-8286-8ed7f2cec0a5,capi,December 29, 2025,Pending_Approval,abandoned,Missing Q7 (2025 Preference) response,No,(not found),(not found),(empty/null),2025-12-29T08:36:42.222Z,2025-12-30T21:16:17.538Z
c24240d9-51f9-46ac-b784-534cce87a9a9,6952372acc6defee110881c9,bf1fe641-71ec-4d0e-9f0f-a403d59aef95,capi,December 29, 2025,Pending_Approval,abandoned,Missing Q7 (2025 Preference) response,No,(not found),(not found),(empty/null),2025-12-29T08:09:14.273Z,2025-12-30T21:16:17.538Z
ea16e044-eaeb-47be-9737-b2ab67f1cdee,6952330c63284a3ea72194f7,8ded349c-7091-4f0c-bdd1-79da301213e3,cati,December 29, 2025,Pending_Approval,abandoned,Missing Q7 (2025 Preference) response,No,(not found),(not found),(empty/null),2025-12-29T07:51:40.113Z,2025-12-30T21:16:17.538Z
5e7141cb-c2b0-4fd0-8148-2deec4b0e7ab,69522f3ac27bac679eea5e49,03cf6c36-f1b5-4202-82e0-f2747d90092c,cati,December 29, 2025,Pending_Approval,abandoned,Missing Q7 (2025 Preference) response,No,(not found),(not found),(empty/null),2025-12-29T07:35:22.791Z,2025-12-30T21:16:17.538Z
a31012f8-474a-4c8a-8bd6-36156e81539c,69522eef21d9bf967dd94afe,d4f8453e-66f0-43e2-8d35-cec945357ce5,cati,December 29, 2025,Pending_Approval,abandoned,Missing Q7 (2025 Preference) response,No,(not found),(not found),(empty/null),2025-12-29T07:34:07.203Z,2025-12-30T21:16:17.538Z
bece2cc2-56ee-41af-8d10-3e361183c5eb,69522ea1ab3966a4b595bd08,b3124871-ed72-46a2-a828-677dd7f4c58d,capi,December 29, 2025,Pending_Approval,abandoned,Missing Q7 (2025 Preference) response,No,(not found),(not found),(empty/null),2025-12-29T07:32:49.740Z,2025-12-30T21:16:17.538Z
7eaeb32f-f835-4596-9a22-9de1682d0a63,69522cb21ab9f6da6aef979c,32907f8b-0376-4274-bad4-eeb7301689e6,cati,December 29, 2025,Pending_Approval,abandoned,Missing Q7 (2025 Preference) response,No,(not found),(not found),(empty/null),2025-12-29T07:24:34.586Z,2025-12-30T21:16:17.538Z
60e1540e-19f7-4635-95e4-ccc050f0030d,69522b9c3cd4eee8db468608,c21f7e56-0d22-4172-b325-94cfabc20c40,cati,December 29, 2025,Pending_Approval,abandoned,Missing Q7 (2025 Preference) response,No,(not found),(not found),(empty/null),2025-12-29T07:19:56.788Z,2025-12-30T21:16:17.538Z
5345b6a8-76ed-462a-a4dc-fdb64cfc0d89,69522b38ae63ad61dcfe3a58,6b806caa-3e30-41fa-9c83-1512d29fa64d,cati,December 29, 2025,Pending_Approval,abandoned,Missing Q7 (2025 Preference) response,No,(not found),(not found),(empty/null),2025-12-29T07:18:16.154Z,2025-12-30T21:16:17.538Z
19a4c0f3-9191-45ff-b4e8-75f862673cdf,69522aaf6b3ae8284dac8687,169d5ba0-1aff-487e-b792-0fc559a8d884,cati,December 29, 2025,Pending_Approval,abandoned,Missing Q7 (2025 Preference) response,No,(not found),(not found),(empty/null),2025-12-29T07:15:59.268Z,2025-12-30T21:16:17.538Z
ecac296c-a633-4aca-bacb-56abae0a6f9c,6952279d77331fa6aba114e7,d793c514-53e6-49b5-84fa-556bdf1cbefe,capi,December 29, 2025,Pending_Approval,abandoned,Missing Q7 (2025 Preference) response,No,(not found),(not found),(empty/null),2025-12-29T07:02:53.460Z,2025-12-30T21:16:17.538Z
e2596661-8f32-44bc-8748-59c7ec0210d4,69522700ec62b66b09637f1a,b38c9df1-5edc-41fc-bd87-9a9ac764b22e,cati,December 29, 2025,Pending_Approval,abandoned,Missing Q7 (2025 Preference) response,No,(not found),(not found),(empty/null),2025-12-29T07:00:16.102Z,2025-12-30T21:16:17.538Z
907dda91-3dad-4f84-92e1-a15380dd1af9,695226a18566fc8f53033c67,ed3deca5-0a0c-467a-a291-695bbf9af819,cati,December 29, 2025,Pending_Approval,abandoned,Missing Q7 (2025 Preference) response,No,(not found),(not found),(empty/null),2025-12-29T06:58:41.288Z,2025-12-30T21:16:17.538Z
bbe4ce0d-ddb8-426b-b0f5-97ecd2817c8d,695226a0f2a7f1b9e7122cd9,a5c5b904-bb72-4b93-a18d-615e24bdd692,cati,December 29, 2025,Pending_Approval,abandoned,Missing Q7 (2025 Preference) response,No,(not found),(not found),(empty/null),2025-12-29T06:58:40.765Z,2025-12-30T21:16:17.538Z
d07d1244-9589-4219-ac88-e32c97bd5000,6952264e99457d39a1955dc2,147749f4-1c4a-442e-9bdc-beb6e871d089,cati,December 29, 2025,Pending_Approval,abandoned,Missing Q7 (2025 Preference) response,No,(not found),(not found),(empty/null),2025-12-29T06:57:18.482Z,2025-12-30T21:16:17.538Z
c5d097f0-c6b2-458e-87bb-3bda90970fc2,6952261c73b91dd082f35952,150f50a3-7b6b-40a4-9e8d-c84b0d9dcafb,cati,December 29, 2025,Pending_Approval,abandoned,Missing Q7 (2025 Preference) response,No,(not found),(not found),(empty/null),2025-12-29T06:56:28.597Z,2025-12-30T21:16:17.538Z
538cba44-77b6-4310-a995-515c562a88a1,695225f8e86cc48fd6d9a07d,82b389f0-33ad-4a5b-9f17-764316be5330,cati,December 29, 2025,Pending_Approval,abandoned,Missing Q7 (2025 Preference) response,No,(not found),(not found),(empty/null),2025-12-29T06:55:52.919Z,2025-12-30T21:16:17.538Z
8bb7f914-661c-464b-99b7-96d5eddd6bef,695225f5e86cc48fd6d99a3e,dc4acc65-f0f6-472e-b0c6-7d8b5385a902,cati,December 29, 2025,Pending_Approval,abandoned,Missing Q7 (2025 Preference) response,No,(not found),(not found),(empty/null),2025-12-29T06:55:49.283Z,2025-12-30T21:16:17.538Z
6176620d-cdf3-440b-88cf-840ce3eb45dc,695225c3b1ed05ee1d3ad22c,71b87d0c-9923-4fb4-8062-46a6a815b1c8,cati,December 29, 2025,Pending_Approval,abandoned,Missing Q7 (2025 Preference) response,No,(not found),(not found),(empty/null),2025-12-29T06:54:59.054Z,2025-12-30T21:16:17.538Z
b0df2351-27b9-4c4a-812c-2ed24339e9d6,695225aec9bdbc7e4d784840,d41900ea-fa58-4c93-9b14-115689bdd0a9,capi,December 29, 2025,Pending_Approval,abandoned,Missing Q7 (2025 Preference) response,No,(not found),(not found),(empty/null),2025-12-29T06:54:38.232Z,2025-12-30T21:16:17.538Z
d6b96ebd-4320-4ad7-8f3f-06a9ed6f9710,695225a7c9bdbc7e4d783bb6,5e8eb98d-d3ca-40fb-b556-206a6dd83e23,capi,December 29, 2025,Pending_Approval,abandoned,Missing Q7 (2025 Preference) response,No,(not found),(not found),(empty/null),2025-12-29T06:54:31.160Z,2025-12-30T21:16:17.538Z
33eb9e0d-babe-47db-b35a-e255274a5c5a,69522569236f395a09d6e8b3,caed553d-06ee-4ca4-aec3-42c64bc8a3e8,cati,December 29, 2025,Pending_Approval,abandoned,Missing Q7 (2025 Preference) response,No,(not found),(not found),(empty/null),2025-12-29T06:53:29.709Z,2025-12-30T21:16:17.538Z
b50412a9-484a-4dd1-ba3b-bd8191e54b51,69522544236f395a09d6cd21,a021eaf6-9eaa-4e63-9288-6173ad96f7c8,cati,December 29, 2025,Pending_Approval,abandoned,Missing Q7 (2025 Preference) response,No,(not found),(not found),(empty/null),2025-12-29T06:52:52.335Z,2025-12-30T21:16:17.538Z
a4615961-481b-4f89-8fb6-4aac3f748b62,69522525207a7d918566498a,06c4e6af-ff64-49c0-ac75-19b16f1512de,cati,December 29, 2025,Pending_Approval,abandoned,Missing Q7 (2025 Preference) response,No,(not found),(not found),(empty/null),2025-12-29T06:52:21.656Z,2025-12-30T21:16:17.538Z
6973d981-337c-4428-a77f-f3cf0051fcae,695224ff952a63251f645657,6abf978d-a9bf-4b53-a2c1-9c347372915a,cati,December 29, 2025,Pending_Approval,abandoned,Missing Q7 (2025 Preference) response,No,(not found),(not found),(empty/null),2025-12-29T06:51:43.606Z,2025-12-30T21:16:17.538Z
a0f311f3-a55b-4d8c-9dc6-482eb12a661e,695224f881bfe61fd9d1d3c5,4e244468-d0b9-4a81-80ba-7363ecc58e0c,cati,December 29, 2025,Pending_Approval,abandoned,Missing Q7 (2025 Preference) response,No,(not found),(not found),(empty/null),2025-12-29T06:51:36.598Z,2025-12-30T21:16:17.538Z
38df02b8-cccc-4548-8996-cc51c58463ae,695224e57d0c50c79d98e4a1,8126f022-c32f-4a22-9238-ed8c6dd50abe,capi,December 29, 2025,Pending_Approval,abandoned,Missing Q7 (2025 Preference) response,No,(not found),(not found),(empty/null),2025-12-29T06:51:17.115Z,2025-12-30T21:16:17.538Z
2ed67361-e6ac-48e9-a20b-0fa527f8f054,6952244e78a593d491e308f4,1bbb8cfa-37af-4308-9a32-b51e6e02a5d3,cati,December 29, 2025,Pending_Approval,abandoned,Missing Q7 (2025 Preference) response,No,(not found),(not found),(empty/null),2025-12-29T06:48:46.516Z,2025-12-30T21:16:17.538Z
cc162568-7f6d-4eef-8368-9af2d3d99aa6,6952244d41ff5910f62cef17,44a46de5-be51-4fab-bad3-c6ffb2eed1a5,cati,December 29, 2025,Pending_Approval,abandoned,Missing Q7 (2025 Preference) response,No,(not found),(not found),(empty/null),2025-12-29T06:48:45.504Z,2025-12-30T21:16:17.538Z
29eef0db-477c-4c01-b583-284254b53846,69522420b6ba04b8fa0318f6,70d504cb-c57d-4bd6-ba5c-403c32f7de5b,cati,December 29, 2025,Pending_Approval,abandoned,Missing Q7 (2025 Preference) response,No,(not found),(not found),(empty/null),2025-12-29T06:48:00.203Z,2025-12-30T21:16:17.538Z
ff6e1e4d-a807-4055-94ff-a61cd7a6341f,695223fe3e05a839ccc179a4,6d7c7eae-abd0-4239-8518-5f75b8e8c4de,cati,December 29, 2025,Pending_Approval,abandoned,Missing Q7 (2025 Preference) response,No,(not found),(not found),(empty/null),2025-12-29T06:47:26.947Z,2025-12-30T21:16:17.538Z
f798eceb-a269-47a2-9fe8-3b63065fd74a,695223dd67fb3f6768505a8f,4b49fce1-8d03-4b66-a05c-41802fcf5da9,cati,December 29, 2025,Pending_Approval,abandoned,Missing Q7 (2025 Preference) response,No,(not found),(not found),(empty/null),2025-12-29T06:46:53.650Z,2025-12-30T21:16:17.538Z
09b8e3a0-5913-45b4-8388-13dacb5ec765,695223d783600f74276aa90b,2345ff20-9c0c-4898-b610-391c9dabb9ae,cati,December 29, 2025,Pending_Approval,abandoned,Missing Q7 (2025 Preference) response,No,(not found),(not found),(empty/null),2025-12-29T06:46:47.207Z,2025-12-30T21:16:17.538Z
32a8c68c-617f-424b-a750-65b582dc0309,6952239a1998d518c12d819b,f364b343-ed7c-4fb6-afa0-528e5bdf3893,cati,December 29, 2025,Pending_Approval,abandoned,Missing Q7 (2025 Preference) response,No,(not found),(not found),(empty/null),2025-12-29T06:45:46.505Z,2025-12-30T21:16:17.538Z
310516ad-6c1e-462d-a414-8fbc7831ad4e,695222dacb9acde7f894b692,5b4e39a0-c6d8-4263-a555-2481f256581e,cati,December 29, 2025,Pending_Approval,abandoned,Missing Q7 (2025 Preference) response,No,(not found),(not found),(empty/null),2025-12-29T06:42:34.728Z,2025-12-30T21:16:17.538Z
3b962567-9059-4b1a-a162-c607546e4a1e,695221325898f713e0773485,b63ec76a-7c19-4287-ac43-80b2343e2f91,cati,December 29, 2025,Pending_Approval,abandoned,Missing Q7 (2025 Preference) response,No,(not found),(not found),(empty/null),2025-12-29T06:35:30.746Z,2025-12-30T21:16:17.538Z
17b34927-7001-4986-84d0-7175c338a437,695221027b1312837b4fd652,e90c6cf0-d34e-4dc9-b39f-b93755cb5305,cati,December 29, 2025,Pending_Approval,abandoned,Missing Q7 (2025 Preference) response,No,(not found),(not found),(empty/null),2025-12-29T06:34:42.875Z,2025-12-30T21:16:17.538Z
924741eb-fdfa-427a-9d4b-57fa05ecb8cf,695220ce877da2dc9715875a,490d5cb3-2b02-4a8d-ae1a-65990bde5fe2,cati,December 29, 2025,Pending_Approval,abandoned,Missing Q7 (2025 Preference) response,No,(not found),(not found),(empty/null),2025-12-29T06:33:50.616Z,2025-12-30T21:16:17.538Z
c8c059d9-620b-4c86-b5f5-58508c7178bc,695220aec57b730c300de347,bec97f88-c2e7-4b9a-9637-0cbc43f5735b,cati,December 29, 2025,Pending_Approval,abandoned,Missing Q7 (2025 Preference) response,No,(not found),(not found),(empty/null),2025-12-29T06:33:18.661Z,2025-12-30T21:16:17.538Z
ae1b0f66-afb8-475c-a5c4-d0284add4acc,69521f8344f9f3ba583152c9,5842a7a2-c8c9-4a25-83e0-81e3033784ee,cati,December 29, 2025,Pending_Approval,abandoned,Missing Q7 (2025 Preference) response,No,(not found),(not found),(empty/null),2025-12-29T06:28:19.443Z,2025-12-30T21:16:17.538Z
010c1882-f341-4fb7-8f67-4bf7d686f4ac,69521f3ecc11c2dc2299e303,abe4be21-fec7-40da-8bd5-62ebe923c4a5,cati,December 29, 2025,Pending_Approval,abandoned,Missing Q7 (2025 Preference) response,No,(not found),(not found),(empty/null),2025-12-29T06:27:10.749Z,2025-12-30T21:16:17.538Z
92da4067-d26a-4abc-a7ce-b1c7351b72ce,69521ef7d487b4d28096e4fa,89f027ba-8ff9-416f-8299-668e27760c53,cati,December 29, 2025,Pending_Approval,abandoned,Missing Q7 (2025 Preference) response,No,(not found),(not found),(empty/null),2025-12-29T06:25:59.701Z,2025-12-30T21:16:17.538Z
3c05e179-b1c1-4241-a53c-c68b893735ee,69521eb12ce65e3cf83af10a,4de0aa18-b0f8-4a78-bf64-57973a5f63ed,cati,December 29, 2025,Pending_Approval,abandoned,Missing Q7 (2025 Preference) response,No,(not found),(not found),(empty/null),2025-12-29T06:24:49.535Z,2025-12-30T21:16:17.538Z
2129f967-3aa7-4793-b4cd-ed7fe4898740,69521e9fa8d885311afa5a3d,baafb61f-fb99-4036-9c91-f7a85447ff7f,cati,December 29, 2025,Pending_Approval,abandoned,Missing Q7 (2025 Preference) response,No,(not found),(not found),(empty/null),2025-12-29T06:24:31.365Z,2025-12-30T21:16:17.538Z
464822e6-84a1-47fb-a05c-c3f233f830ab,69521e8188185d78f98d8f1c,22cfd856-4382-4f79-b987-78093dbb36cb,cati,December 29, 2025,Pending_Approval,abandoned,Missing Q7 (2025 Preference) response,No,(not found),(not found),(empty/null),2025-12-29T06:24:01.777Z,2025-12-30T21:16:17.538Z
5645ee60-90e9-417c-9da5-9a8154a904a5,69521e56ed059d6a82b54587,4a284809-dea7-4b3a-b4f1-c7c1714ce5b2,cati,December 29, 2025,Pending_Approval,abandoned,Missing Q7 (2025 Preference) response,No,(not found),(not found),(empty/null),2025-12-29T06:23:18.002Z,2025-12-30T21:16:17.538Z
60bdea33-da48-4d5c-b8ab-2d8840145d3b,69521ddceb2b04e0a9b26e25,e63caaf4-5c10-44cc-9aad-0391aca9d7e0,cati,December 29, 2025,Pending_Approval,abandoned,Missing Q7 (2025 Preference) response,No,(not found),(not found),(empty/null),2025-12-29T06:21:16.527Z,2025-12-30T21:16:17.538Z
61300d3e-2952-41ae-b254-8227c4fdab99,69521ca7c444069408394f9e,58c46a45-e29c-43a1-95a9-b95d573d4647,cati,December 29, 2025,Pending_Approval,abandoned,Missing Q7 (2025 Preference) response,No,(not found),(not found),(empty/null),2025-12-29T06:16:07.333Z,2025-12-30T21:16:17.538Z
7fd2da7e-9bee-4a30-817a-f539c0e3c034,69521bd345ed5081cce45b71,216495b0-e7c7-4c1e-ad6d-49e2d9945f5e,cati,December 29, 2025,Pending_Approval,abandoned,Missing Q7 (2025 Preference) response,No,(not found),(not found),(empty/null),2025-12-29T06:12:35.690Z,2025-12-30T21:16:17.538Z
842beead-3881-417e-8234-82429b678605,69521bb1983be2327b633048,3db234d8-55c7-4c44-ac48-459da4caf54b,cati,December 29, 2025,Pending_Approval,abandoned,Missing Q7 (2025 Preference) response,No,(not found),(not found),(empty/null),2025-12-29T06:12:01.212Z,2025-12-30T21:16:17.538Z
2d366aa5-7734-4d22-a787-dae341bd8db7,69521b8f2c1468b2137e1feb,a8a78005-a056-4493-8553-ba00910dfbd5,cati,December 29, 2025,Pending_Approval,abandoned,Missing Q7 (2025 Preference) response,No,(not found),(not found),(empty/null),2025-12-29T06:11:27.036Z,2025-12-30T21:16:17.538Z
70e53dc4-34b0-4f89-bceb-9a9c2d212b10,69521b6e2c1468b2137e1017,53ac779a-614d-45b8-9b9a-800f749bba28,cati,December 29, 2025,Pending_Approval,abandoned,Missing Q7 (2025 Preference) response,No,(not found),(not found),(empty/null),2025-12-29T06:10:54.394Z,2025-12-30T21:16:17.538Z
44460a8c-2829-429f-a787-1aba9a83afe4,69521b4b3c9864222bda126b,4e24cec9-bcd8-425d-9538-7871a8c2b409,cati,December 29, 2025,Pending_Approval,abandoned,Missing Q7 (2025 Preference) response,No,(not found),(not found),(empty/null),2025-12-29T06:10:19.760Z,2025-12-30T21:16:17.538Z
e1ee4727-c683-4681-8116-7bdb04ce134b,69521b2a5f3bbf2418dfc046,f96abb0f-0250-47a9-b590-2f2d9550c16e,cati,December 29, 2025,Pending_Approval,abandoned,Missing Q7 (2025 Preference) response,No,(not found),(not found),(empty/null),2025-12-29T06:09:46.395Z,2025-12-30T21:16:17.538Z
71213da3-82ee-44b2-a263-61bd841e5e9e,69521ae6df4f9c921667c0e2,2a591f18-3996-42d5-a6ef-a3ba599f89ad,cati,December 29, 2025,Pending_Approval,abandoned,Missing Q7 (2025 Preference) response,No,(not found),(not found),(empty/null),2025-12-29T06:08:38.292Z,2025-12-30T21:16:17.538Z
01ed0a44-4b9e-484b-af96-d68c5e9712d6,695218fa6ad11fa15fe08c18,9d0398d7-111b-42e4-b4ba-c52f8ce052c9,capi,December 29, 2025,Pending_Approval,abandoned,Missing Q7 (2025 Preference) response,No,(not found),(not found),(empty/null),2025-12-29T06:00:26.336Z,2025-12-30T21:16:17.538Z
a7074361-922c-41c7-b90e-9628998bb00b,695218ecbc8f6caf3390b877,4414253f-f9c0-4eca-b6ae-bf388e98963e,cati,December 29, 2025,Pending_Approval,abandoned,Missing Q7 (2025 Preference) response,No,(not found),(not found),(empty/null),2025-12-29T06:00:12.695Z,2025-12-30T21:16:17.538Z
2996aefc-39a6-4a31-b006-6da366c4b01c,69521867bf37e48a1f70534c,1422dd5b-bd43-4380-b642-e64bfe0c771c,cati,December 29, 2025,Pending_Approval,abandoned,Missing Q7 (2025 Preference) response,No,(not found),(not found),(empty/null),2025-12-29T05:57:59.144Z,2025-12-30T21:16:17.538Z
a1753d72-c01a-4299-8a67-bdbfafd7bc0d,6952180ef81172b441cb6870,f4641af2-25e2-4dac-a69f-adc5bf431bcd,cati,December 29, 2025,Pending_Approval,abandoned,Missing Q7 (2025 Preference) response,No,(not found),(not found),(empty/null),2025-12-29T05:56:30.086Z,2025-12-30T21:16:17.538Z
ba6ff534-d3cf-4d24-ac71-ce100d89ac3b,695218088fbcbbae386d507e,5d674227-429a-4ad9-b3f0-3daf347923a3,capi,December 29, 2025,Pending_Approval,abandoned,Missing Q7 (2025 Preference) response,No,(not found),(not found),(empty/null),2025-12-29T05:56:24.487Z,2025-12-30T21:16:17.538Z
238feac8-4445-4b74-af2c-e2101294c764,695217c5038f24b1f51f8545,5fe4eda2-f374-4f8f-bace-d6a735ff4032,cati,December 29, 2025,Pending_Approval,abandoned,Missing Q7 (2025 Preference) response,No,(not found),(not found),(empty/null),2025-12-29T05:55:17.371Z,2025-12-30T21:16:17.538Z
a95b1dab-9275-4ee2-a779-f5211316525e,6952172dfc0450e4b18ac404,d0db3c65-fdd2-4f47-850e-124d77e4dc6b,cati,December 29, 2025,Pending_Approval,abandoned,Missing Q7 (2025 Preference) response,No,(not found),(not found),(empty/null),2025-12-29T05:52:45.669Z,2025-12-30T21:16:17.538Z
e4de03ee-4842-4da4-8a21-ffafd6a91e30,695216eb211eca23ddb2cdc2,8d25c6de-d2fa-4747-80cb-4eb0b56532ea,cati,December 29, 2025,Pending_Approval,abandoned,Missing Q7 (2025 Preference) response,No,(not found),(not found),(empty/null),2025-12-29T05:51:39.402Z,2025-12-30T21:16:17.538Z
72ed25bd-9dd2-4f9c-a3dd-68ea3ee45fd6,695213fdaf626756cd37dcd6,a73ec0dd-37b0-477e-b12f-d41b7f6b8186,cati,December 29, 2025,Pending_Approval,abandoned,Missing Q7 (2025 Preference) response,No,(not found),(not found),(empty/null),2025-12-29T05:39:09.167Z,2025-12-30T21:16:17.538Z
681c815c-c847-47f0-82b6-2f4d3b79d9e8,695213953655b994260a03c5,0eaf0722-667c-416b-85a9-65123cc5e9c2,cati,December 29, 2025,Pending_Approval,abandoned,Missing Q7 (2025 Preference) response,No,(not found),(not found),(empty/null),2025-12-29T05:37:25.937Z,2025-12-30T21:16:17.538Z
b3a95662-bfbc-4128-88aa-c763b1761655,695212e233b5e0c023ad87fb,a7795eae-07bd-42bb-a623-b3bb01d0e546,capi,December 29, 2025,Pending_Approval,abandoned,Missing Q7 (2025 Preference) response,No,(not found),(not found),(empty/null),2025-12-29T05:34:26.262Z,2025-12-30T21:16:17.538Z
85806da6-59a9-4ad0-be82-3774845d44d2,695202b88c9f7d3fb098082b,64a3c153-986e-4c3a-9401-404b5db3bc66,capi,December 29, 2025,Pending_Approval,abandoned,Missing Q7 (2025 Preference) response,No,(not found),(not found),(empty/null),2025-12-29T04:25:28.911Z,2025-12-30T21:16:17.538Z
1ef042a2-7ae5-4a99-8543-2711a70db623,6951fa8f78731004e6274967,2bdaffe0-b1f6-4ba9-b67d-6adba40b744b,capi,December 29, 2025,Pending_Approval,abandoned,Missing Q7 (2025 Preference) response,No,(not found),(not found),(empty/null),2025-12-29T03:50:39.777Z,2025-12-30T21:16:17.538Z
0868c532-c48f-4042-94b9-055d5646b08c,6951f71dd9d960ac12615428,ed4d3855-a8fa-44a6-a3b8-02839a40ec50,capi,December 29, 2025,Pending_Approval,abandoned,Missing Q7 (2025 Preference) response,No,(not found),(not found),(empty/null),2025-12-29T03:35:57.022Z,2025-12-30T21:16:17.538Z
d3abd920-c702-4b8a-8b59-9eaac533f7bf,6951f4c5048d01306297589b,6ae672b9-5865-431e-80cc-ed6198247560,capi,December 29, 2025,Pending_Approval,abandoned,Missing Q7 (2025 Preference) response,No,(not found),(not found),(empty/null),2025-12-29T03:25:57.457Z,2025-12-30T21:16:17.538Z
9ef3487e-da90-47cf-9c16-bae2247f0aa4,6951f4a47579b4920d80ab56,2b046ae5-aba3-4f08-9e57-405b87a6e0d7,capi,December 29, 2025,Pending_Approval,abandoned,Missing Q7 (2025 Preference) response,No,(not found),(not found),(empty/null),2025-12-29T03:25:24.230Z,2025-12-30T21:16:17.538Z
a83a83d3-d1a7-4adb-bfec-4d63b9ce80f0,6951f1d4b9e596e89a7e0cd8,da323eaa-c935-45ed-8fd1-0959aaff6f35,capi,December 29, 2025,Pending_Approval,abandoned,Missing Q7 (2025 Preference) response,No,(not found),(not found),(empty/null),2025-12-29T03:13:24.180Z,2025-12-30T21:16:17.538Z
5a14c425-b0d9-457a-a144-2889017fa492,6951ef73743b567f704289fc,c7e68daa-688c-441f-9ead-52fb639de013,cati,December 29, 2025,Pending_Approval,abandoned,Missing Q7 (2025 Preference) response,No,(not found),(not found),(empty/null),2025-12-29T03:03:15.609Z,2025-12-30T21:16:17.538Z
a1e6cd91-6229-46eb-be70-37f026abeade,6951ef71a06b12f753e66532,3891e9e3-b3ed-474a-8069-bcf24d7fbe48,cati,December 29, 2025,Pending_Approval,abandoned,Missing Q7 (2025 Preference) response,No,(not found),(not found),(empty/null),2025-12-29T03:03:13.991Z,2025-12-30T21:16:17.538Z
7eb7b309-664b-4da3-915b-487984e96df5,6951ef53aa7eb6a662eb9457,1fd7db34-f129-4913-84bb-755225d9aa50,cati,December 29, 2025,Pending_Approval,abandoned,Missing Q7 (2025 Preference) response,No,(not found),(not found),(empty/null),2025-12-29T03:02:43.395Z,2025-12-30T21:16:17.538Z
0c686ae0-fbd3-48b2-8dcf-c3d5c93d1b18,6951ef324bc13416525f373d,6ff0bba4-7b83-41a5-bc2e-8aa657716eda,cati,December 29, 2025,Pending_Approval,abandoned,Missing Q7 (2025 Preference) response,No,(not found),(not found),(empty/null),2025-12-29T03:02:10.027Z,2025-12-30T21:16:17.538Z
1cadca25-007b-49d0-ab55-b66b11e127e0,6951ef0f31899930e6590b74,1b7acbc2-e5c4-46b3-a4f3-18f5cd6f6d49,cati,December 29, 2025,Pending_Approval,abandoned,Missing Q7 (2025 Preference) response,No,(not found),(not found),(empty/null),2025-12-29T03:01:35.275Z,2025-12-30T21:16:17.538Z
d3c57627-77eb-493f-ba23-6e62e7f71850,6951ee95defe589f906066bb,f9ce7f06-f19c-44db-8930-69576a24aedc,cati,December 29, 2025,Pending_Approval,abandoned,Missing Q7 (2025 Preference) response,No,(not found),(not found),(empty/null),2025-12-29T02:59:33.314Z,2025-12-30T21:16:17.538Z
e29c9c33-a578-4709-9ce0-783631b62bac,6951ee5b264ab641a26121ab,a2f17ca8-e342-4e8b-8f00-b032509043fe,cati,December 29, 2025,Pending_Approval,abandoned,Missing Q7 (2025 Preference) response,No,(not found),(not found),(empty/null),2025-12-29T02:58:35.328Z,2025-12-30T21:16:17.538Z
71c6fb79-48e8-49e3-86be-f731103425b4,6951ee27df5fefd4ca24bcb2,3f6a8d57-ca96-49c9-a50f-12947c068f9e,cati,December 29, 2025,Pending_Approval,abandoned,Missing Q7 (2025 Preference) response,No,(not found),(not found),(empty/null),2025-12-29T02:57:43.246Z,2025-12-30T21:16:17.538Z
c1155a7a-3fbc-42f6-aff9-9ea4891cbc4a,6951ee26ff59560029d2be6e,83ad2698-7337-4461-ae78-88605acd896c,cati,December 29, 2025,Pending_Approval,abandoned,Missing Q7 (2025 Preference) response,No,(not found),(not found),(empty/null),2025-12-29T02:57:42.486Z,2025-12-30T21:16:17.538Z
de757ab2-8345-41b7-8e7e-5a498487b8cb,6951ee07f64978edb118a342,a0db7a7e-a3b3-4d9a-932c-b40332b4d714,cati,December 29, 2025,Pending_Approval,abandoned,Missing Q7 (2025 Preference) response,No,(not found),(not found),(empty/null),2025-12-29T02:57:11.037Z,2025-12-30T21:16:17.538Z
e260cca3-e9f8-45a9-a915-104dbe14456f,6951ee0677f577f1b4eff595,c7ef240c-c7a3-4618-a489-f6c45a3fe9f0,cati,December 29, 2025,Pending_Approval,abandoned,Missing Q7 (2025 Preference) response,No,(not found),(not found),(empty/null),2025-12-29T02:57:10.052Z,2025-12-30T21:16:17.538Z
a6a747bc-4423-4e46-8b75-0b64853c1208,6951edaf8f3c6898082b1576,28ed6304-ce1f-4e93-b3b2-0145641a70f3,cati,December 29, 2025,Pending_Approval,abandoned,Missing Q7 (2025 Preference) response,No,(not found),(not found),(empty/null),2025-12-29T02:55:43.339Z,2025-12-30T21:16:17.538Z
0244f1ba-4374-48b1-92be-5c106f314694,6951da944df31bf530dde709,c23d9b0f-e4bf-41d5-a154-75f210f46664,capi,December 29, 2025,Pending_Approval,abandoned,Missing Q7 (2025 Preference) response,No,(not found),(not found),(empty/null),2025-12-29T01:34:12.992Z,2025-12-30T21:16:17.538Z
0f76aa15-fc81-4b41-b4ae-aef682bb8ec6,6952b3a18df3402e37f0d608,074206eb-da4b-469e-8f59-34b875897d8c,capi,December 29, 2025,Terminated,abandoned,Missing Q7 (2025 Preference) response,Yes,question_1761427016019_4497,2025 Preference,(empty/null),2025-12-29T17:00:17.121Z,2025-12-30T21:16:17.538Z
cf85fa04-9348-4ace-8707-fb32f5a4b6fd,6952b28ab2f8a211350cbd0b,23217063-3f2e-44f8-97c2-4fa71ce3d7d3,capi,December 29, 2025,Terminated,abandoned,Missing Q7 (2025 Preference) response,Yes,question_1761427016019_4497,2025 Preference,(empty/null),2025-12-29T16:55:38.721Z,2025-12-30T21:16:17.538Z
f1b84e05-c0d2-448a-8a6c-8db92c2502d8,6952b25b8df3402e37f0cfbb,0d4ba792-54d6-4679-b15c-43e8dacaf715,capi,December 29, 2025,Terminated,abandoned,Missing Q7 (2025 Preference) response,Yes,question_1761427016019_4497,2025 Preference,(empty/null),2025-12-29T16:54:51.895Z,2025-12-30T21:16:17.538Z
5eb50f29-7759-4586-8103-3d1d0a73983c,69528052d2549f7417cc4eec,96d0851a-23bc-4f00-be03-21bea2c31e42,capi,December 29, 2025,Terminated,abandoned,Missing Q7 (2025 Preference) response,No,(not found),(not found),(empty/null),2025-12-29T13:21:22.363Z,2025-12-30T21:16:17.538Z
399bd3f1-04fc-4e13-a53a-73dc80aa510d,69525b1401238d0d448206bb,8509cf01-5d59-44d8-b183-da0d62bf45af,capi,December 29, 2025,Terminated,abandoned,Missing Q7 (2025 Preference) response,Yes,question_1761427016019_4497,2025 Preference,(empty/null),2025-12-29T10:42:28.929Z,2025-12-30T21:16:17.538Z
109fcec7-fa8c-449c-b9e0-a3c25076fb69,69520f399102fc046f1a81e4,ba9f855b-f8d3-49fe-a72d-6201050ca6dc,capi,December 29, 2025,Terminated,abandoned,Missing Q7 (2025 Preference) response,Yes,question_1761427016019_4497,2025 Preference,(empty/null),2025-12-29T05:18:49.377Z,2025-12-30T21:16:17.538Z
8d62c13f-7044-4911-9f97-60bddc1c21d3,6952072299df09e8c8f3fc12,422a9f12-9623-4d6e-9059-0effeeaade63,capi,December 29, 2025,Terminated,abandoned,Missing Q7 (2025 Preference) response,Yes,question_1761427016019_4497,2025 Preference,(empty/null),2025-12-29T04:44:18.898Z,2025-12-30T21:16:17.538Z
ee821183-850a-4b4a-b249-b985fcf74024,695200d13ab918b5b553e8b5,fc3e8991-4d93-4eca-bcca-cfab134b4ad6,capi,December 29, 2025,Terminated,abandoned,Missing Q7 (2025 Preference) response,Yes,question_1761427016019_4497,2025 Preference,(empty/null),2025-12-29T04:17:21.473Z,2025-12-30T21:16:17.538Z
8d464a0d-8251-4a43-98ff-20f36d7cf87b,695405ebc3f1a8b7bb7fc69d,443ae2cb-b162-42d3-a70f-d274c5f4bf19,cati,December 30, 2025,Pending_Approval,abandoned,Missing Q7 (2025 Preference) response,No,(not found),(not found),(empty/null),2025-12-30T17:03:39.696Z,2025-12-30T21:16:17.538Z
a884c501-59a6-4c47-8107-30eadc10ac51,6953ed8fbd5d74fd0b467192,0b6105a6-59cd-4cfa-990f-b19fb65c3328,cati,December 30, 2025,Pending_Approval,abandoned,Missing Q7 (2025 Preference) response,No,(not found),(not found),(empty/null),2025-12-30T15:19:43.739Z,2025-12-30T21:16:17.538Z
017b41aa-af4b-4f20-9719-52502ccb474a,6953dbea7266c3221c3b61c8,e5b21515-be97-4a23-ae73-64e017b2d2b2,capi,December 30, 2025,Pending_Approval,abandoned,Missing Q7 (2025 Preference) response,No,(not found),(not found),(empty/null),2025-12-30T14:04:26.587Z,2025-12-30T21:16:17.538Z
2d12a093-fcbe-4f78-afa8-d150fcb901a3,6953cb77b0c6b907d82476eb,0c0aea9a-289d-44bb-843d-cc140590d637,capi,December 30, 2025,Pending_Approval,abandoned,Missing Q7 (2025 Preference) response,No,(not found),(not found),(empty/null),2025-12-30T12:54:15.298Z,2025-12-30T21:16:17.538Z
9f33b727-2bdb-45de-8149-6f76e32f76a2,6953c4762490fc39dae3cbb9,cdb1343d-f8de-405f-aca4-109e305a24a4,cati,December 30, 2025,Pending_Approval,abandoned,Missing Q7 (2025 Preference) response,No,(not found),(not found),(empty/null),2025-12-30T12:24:22.572Z,2025-12-30T21:16:17.538Z
284f6bd2-22dc-40c0-a967-1266d21cc809,6953bfc8a6ffcc552602cd7e,88138664-b956-46d9-8596-7c56d5a0a53c,cati,December 30, 2025,Pending_Approval,abandoned,Missing Q7 (2025 Preference) response,No,(not found),(not found),(empty/null),2025-12-30T12:04:24.126Z,2025-12-30T21:16:17.538Z
48b0b30b-e923-4192-a1bf-daf56d0caebb,6953bf24ee993ae1f06bcebf,2e006841-a9c6-42a5-a283-3810babc2821,cati,December 30, 2025,Pending_Approval,abandoned,Missing Q7 (2025 Preference) response,No,(not found),(not found),(empty/null),2025-12-30T12:01:40.610Z,2025-12-30T21:16:17.538Z
19f8b84b-2091-43a0-85d9-1d1125e7b78c,6953bf14ee993ae1f06b8f22,e76050a7-e6cf-481e-a9c6-c38fde47da03,cati,December 30, 2025,Pending_Approval,abandoned,Missing Q7 (2025 Preference) response,No,(not found),(not found),(empty/null),2025-12-30T12:01:24.726Z,2025-12-30T21:16:17.538Z
57bfdc58-6724-4984-a6a5-998a0a506957,6953be0bdf63e599ddfd9b7f,3e150571-0a67-46d7-8edb-8300e3745e3c,cati,December 30, 2025,Pending_Approval,abandoned,Missing Q7 (2025 Preference) response,No,(not found),(not found),(empty/null),2025-12-30T11:56:59.619Z,2025-12-30T21:16:17.538Z
f93c85f2-45af-493d-a072-336c6f93ea3c,6953be0a8feba04e16421698,9c1d8d96-4014-4e83-9c87-af563eb04486,cati,December 30, 2025,Pending_Approval,abandoned,Missing Q7 (2025 Preference) response,No,(not found),(not found),(empty/null),2025-12-30T11:56:58.050Z,2025-12-30T21:16:17.538Z
99317412-d8c7-462e-90ff-a109d9ae2097,6953bb8f03870b27582fd94b,f7026fd1-9a9e-452c-872e-0751d362f15f,cati,December 30, 2025,Pending_Approval,abandoned,Missing Q7 (2025 Preference) response,No,(not found),(not found),(empty/null),2025-12-30T11:46:23.207Z,2025-12-30T21:16:17.538Z
96afb95a-f82d-4bd2-afea-82f37b4d619c,6953bb12f5243e81b874bcab,c47c7dee-4687-4009-8ccb-3f780f18a0b2,cati,December 30, 2025,Pending_Approval,abandoned,Missing Q7 (2025 Preference) response,No,(not found),(not found),(empty/null),2025-12-30T11:44:18.599Z,2025-12-30T21:16:17.538Z
619876c9-3fe3-4a17-944d-8b26d4277737,6953b968db9771ecbb26546b,628a1865-c9a2-42eb-a75b-95a3ca70d262,cati,December 30, 2025,Pending_Approval,abandoned,Missing Q7 (2025 Preference) response,No,(not found),(not found),(empty/null),2025-12-30T11:37:12.585Z,2025-12-30T21:16:17.538Z
257a2eb8-184f-41a0-a10f-67a452e1c055,6953b8fb28f58b0b08f49358,1a115c77-1036-406a-a959-c614d1f07d6f,cati,December 30, 2025,Pending_Approval,abandoned,Missing Q7 (2025 Preference) response,No,(not found),(not found),(empty/null),2025-12-30T11:35:23.180Z,2025-12-30T21:16:17.538Z
e6fa190d-db23-4e45-8d15-2634a8ff958a,6953b8ec55a8d3e286c89314,4471cda6-5200-4c6a-8027-b0786229004e,cati,December 30, 2025,Pending_Approval,abandoned,Missing Q7 (2025 Preference) response,No,(not found),(not found),(empty/null),2025-12-30T11:35:08.530Z,2025-12-30T21:16:17.538Z
3f4839e7-93c8-4f37-83a7-a6b36915d2db,6953b805cd2b7ea563e571d5,8d160bb4-3f26-4800-9ff6-968aea7f9a77,cati,December 30, 2025,Pending_Approval,abandoned,Missing Q7 (2025 Preference) response,No,(not found),(not found),(empty/null),2025-12-30T11:31:17.135Z,2025-12-30T21:16:17.538Z
36b3766c-71b8-49f1-b3b5-b4c14fa56c9f,6953b7943607ecb25994306e,db417a0e-dae3-4596-833e-172027c06e72,cati,December 30, 2025,Pending_Approval,abandoned,Missing Q7 (2025 Preference) response,No,(not found),(not found),(empty/null),2025-12-30T11:29:24.685Z,2025-12-30T21:16:17.538Z
e6706ca8-e3a1-49dd-b626-0e004ab2b3fc,6953b5cff1551627b7fabcb5,5ddfa5d0-d03f-48fe-a828-aca9e08537e3,cati,December 30, 2025,Pending_Approval,abandoned,Missing Q7 (2025 Preference) response,No,(not found),(not found),(empty/null),2025-12-30T11:21:51.359Z,2025-12-30T21:16:17.538Z
e9f1b0d7-e426-47d9-8a16-856cea500f7d,6953b20faae413d8e270c0b6,78060b06-469f-4418-9a31-103508038251,cati,December 30, 2025,Pending_Approval,abandoned,Missing Q7 (2025 Preference) response,No,(not found),(not found),(empty/null),2025-12-30T11:05:51.023Z,2025-12-30T21:16:17.538Z
08ad38fb-4a55-4b4c-b8dc-2bc4eb72c855,6953b1f4aae413d8e2700852,e13244c3-97be-49a8-bd14-3ebdd8fb1c92,capi,December 30, 2025,Pending_Approval,abandoned,Missing Q7 (2025 Preference) response,No,(not found),(not found),(empty/null),2025-12-30T11:05:24.967Z,2025-12-30T21:16:17.538Z
68de5ab2-ea49-4b10-b3b4-dce4b9445da5,6953ac534206ba397e3520ed,cdd77eec-b05f-45a0-9d80-093bfc660a74,capi,December 30, 2025,Pending_Approval,abandoned,Missing Q7 (2025 Preference) response,No,(not found),(not found),(empty/null),2025-12-30T10:41:23.322Z,2025-12-30T21:16:17.538Z
07dfccfa-d1be-48e8-b551-511fd90f8ece,69538516a73ee693f28881de,e7912392-1320-4c6c-b27b-e01e4fa92957,cati,December 30, 2025,Pending_Approval,abandoned,Missing Q7 (2025 Preference) response,No,(not found),(not found),(empty/null),2025-12-30T07:53:58.686Z,2025-12-30T21:16:17.538Z
2949c32d-b386-4064-acff-edbce769e8e4,6953846ec561788e89867c29,54798aba-ddbd-40e0-9741-c9e37cd128d3,cati,December 30, 2025,Pending_Approval,abandoned,Missing Q7 (2025 Preference) response,No,(not found),(not found),(empty/null),2025-12-30T07:51:10.712Z,2025-12-30T21:16:17.538Z
aff85cda-9c03-455f-94ce-6bd75443e546,6953830cabbc029061b67526,d4a899d0-6bc7-4737-b23d-2b313aa7dfa0,cati,December 30, 2025,Pending_Approval,abandoned,Missing Q7 (2025 Preference) response,No,(not found),(not found),(empty/null),2025-12-30T07:45:16.833Z,2025-12-30T21:16:17.538Z
c9130793-f1b0-4b52-b27a-ed7a0d8e3973,6953824f00e261b06af78d7a,c6d45875-06cd-433c-9275-49954b709957,cati,December 30, 2025,Pending_Approval,abandoned,Missing Q7 (2025 Preference) response,No,(not found),(not found),(empty/null),2025-12-30T07:42:07.034Z,2025-12-30T21:16:17.538Z
dcffc1e3-d6f0-4f6b-b40d-483867770d7b,695381a7eb3fcfe388cdc059,e8aedeb4-a95d-4b33-a279-32dd7d995006,cati,December 30, 2025,Pending_Approval,abandoned,Missing Q7 (2025 Preference) response,No,(not found),(not found),(empty/null),2025-12-30T07:39:19.389Z,2025-12-30T21:16:17.538Z
205f2e83-dfb0-4b47-be37-25f2bde3c3f8,695381072e784dd3a6a4c530,2ea87dc8-6129-4ac4-91fb-e9cb26d8c9e2,cati,December 30, 2025,Pending_Approval,abandoned,Missing Q7 (2025 Preference) response,No,(not found),(not found),(empty/null),2025-12-30T07:36:39.107Z,2025-12-30T21:16:17.538Z
0b5e8ed2-c9e8-4558-964f-f84f398de0bb,69537ea633bce54d48768fe6,3243987b-32a0-4014-b201-baa79fed3205,cati,December 30, 2025,Pending_Approval,abandoned,Missing Q7 (2025 Preference) response,No,(not found),(not found),(empty/null),2025-12-30T07:26:30.879Z,2025-12-30T21:16:17.538Z
bd79d49a-7876-4cec-886f-ee47565d466a,69537ca4e6feaafba5dbf528,305e698d-f3b1-4107-b334-68e2c67b78dd,cati,December 30, 2025,Pending_Approval,abandoned,Missing Q7 (2025 Preference) response,No,(not found),(not found),(empty/null),2025-12-30T07:17:56.531Z,2025-12-30T21:16:17.538Z
e632c17f-20b3-4bf7-b0d6-eca1f59e4ad7,69537bd3c211de18503ab89c,0cb30d90-a922-4681-9a1e-12c3b04567f5,cati,December 30, 2025,Pending_Approval,abandoned,Missing Q7 (2025 Preference) response,No,(not found),(not found),(empty/null),2025-12-30T07:14:27.899Z,2025-12-30T21:16:17.538Z
2cb35633-d849-4beb-96c8-1aa99774c122,69537aede8d6ac4b9a87a972,e4929d14-c25a-49e1-a742-20fed2c702dd,cati,December 30, 2025,Pending_Approval,abandoned,Missing Q7 (2025 Preference) response,No,(not found),(not found),(empty/null),2025-12-30T07:10:37.848Z,2025-12-30T21:16:17.538Z
e60367a5-b33e-4ff8-9fe0-12aed88bff79,69537a466abcff565ba88e36,0ae7144f-1581-4fc0-9c69-7261ddb01681,cati,December 30, 2025,Pending_Approval,abandoned,Missing Q7 (2025 Preference) response,No,(not found),(not found),(empty/null),2025-12-30T07:07:50.346Z,2025-12-30T21:16:17.538Z
731b8865-d425-4ca5-990e-d3e47da3fbf6,6953797b9dd4bfd1478894cc,74184735-7804-4924-a0cb-5c1732d91cb0,cati,December 30, 2025,Pending_Approval,abandoned,Missing Q7 (2025 Preference) response,No,(not found),(not found),(empty/null),2025-12-30T07:04:27.208Z,2025-12-30T21:16:17.538Z
c2d9035c-8ead-475e-bd6d-7657dd310312,6953788bfe3850363f4632f5,0f1ca8ec-aa0d-45de-b692-00d6c0704496,cati,December 30, 2025,Pending_Approval,abandoned,Missing Q7 (2025 Preference) response,No,(not found),(not found),(empty/null),2025-12-30T07:00:27.952Z,2025-12-30T21:16:17.538Z
4b3d0e0d-9729-4d53-a980-c2b343e9c394,6953779f7c94a81326e6a63a,037dbb09-141b-4427-a827-c659df62681f,cati,December 30, 2025,Pending_Approval,abandoned,Missing Q7 (2025 Preference) response,No,(not found),(not found),(empty/null),2025-12-30T06:56:31.220Z,2025-12-30T21:16:17.538Z
6b92f3d7-e662-4dc3-b11f-05f0838903fe,695377753686a1e0b1b37ae2,468c5c0b-8b1c-4348-8926-251490029433,cati,December 30, 2025,Pending_Approval,abandoned,Missing Q7 (2025 Preference) response,No,(not found),(not found),(empty/null),2025-12-30T06:55:49.684Z,2025-12-30T21:16:17.538Z
fd03bc41-2461-4a50-ade2-29a1812a0c4d,6953769fd882b01575c8fe3d,b19f79d6-f083-4a4d-bd98-ec31bdd23d41,cati,December 30, 2025,Pending_Approval,abandoned,Missing Q7 (2025 Preference) response,No,(not found),(not found),(empty/null),2025-12-30T06:52:15.328Z,2025-12-30T21:16:17.538Z
fd9f8465-e397-4d5a-9d92-87c2f452f153,6953768e0795d67287b4bced,7cfcd86e-2519-4456-8e15-849d1c3590cf,cati,December 30, 2025,Pending_Approval,abandoned,Missing Q7 (2025 Preference) response,No,(not found),(not found),(empty/null),2025-12-30T06:51:58.114Z,2025-12-30T21:16:17.538Z
feb1005b-1967-43fa-80a3-bf14c5f250a4,6953767244aca1bd395f5507,0d58adf2-0c3e-4fbb-a358-fbd2fab82d2e,cati,December 30, 2025,Pending_Approval,abandoned,Missing Q7 (2025 Preference) response,No,(not found),(not found),(empty/null),2025-12-30T06:51:30.947Z,2025-12-30T21:16:17.538Z
96bdc5a5-25a2-4fe1-bb89-90891fbcbd5d,695375171de421a5faf3d47d,034e0b10-bb51-4b27-a7d5-d1f850dc7ea5,cati,December 30, 2025,Pending_Approval,abandoned,Missing Q7 (2025 Preference) response,No,(not found),(not found),(empty/null),2025-12-30T06:45:43.343Z,2025-12-30T21:16:17.538Z
eed2f4ef-89b4-4a4e-ac93-38de1f3d642f,6953747045cfee4fdeaf9de8,abc03ee0-f625-435e-bb89-ec399843af42,cati,December 30, 2025,Pending_Approval,abandoned,Missing Q7 (2025 Preference) response,No,(not found),(not found),(empty/null),2025-12-30T06:42:56.606Z,2025-12-30T21:16:17.538Z
d31573e3-76ac-4999-8bfe-99c4731eda6e,69537452a91cd2ec3d7f5669,57646e95-87ad-439c-9005-b9c6b3df4f33,cati,December 30, 2025,Pending_Approval,abandoned,Missing Q7 (2025 Preference) response,No,(not found),(not found),(empty/null),2025-12-30T06:42:26.463Z,2025-12-30T21:16:17.538Z
03dc4540-0704-4e2b-9508-c91aaa811cdf,6953735446ebf47a1397efe9,63e4ee87-16e9-4547-aff0-212689319793,cati,December 30, 2025,Pending_Approval,abandoned,Missing Q7 (2025 Preference) response,No,(not found),(not found),(empty/null),2025-12-30T06:38:12.522Z,2025-12-30T21:16:17.539Z
ec298786-b606-457f-9483-db4f8e27a4f4,6953732af1ade8e15505679c,fafbcf09-e302-4197-b036-9228b7fe130c,cati,December 30, 2025,Pending_Approval,abandoned,Missing Q7 (2025 Preference) response,No,(not found),(not found),(empty/null),2025-12-30T06:37:30.527Z,2025-12-30T21:16:17.539Z
6220608e-14aa-47d4-82e7-4b867ade84ca,69537300c4ead7f5a9f25233,d625f0ea-a07b-4795-9aba-81d8be4502cd,cati,December 30, 2025,Pending_Approval,abandoned,Missing Q7 (2025 Preference) response,No,(not found),(not found),(empty/null),2025-12-30T06:36:48.945Z,2025-12-30T21:16:17.539Z
876f8e6e-7bf2-465a-9c8b-3f717736a90c,6953721b3b7b95d1f4063e8d,b750798b-ce5f-4339-8d7d-45eb88092e97,cati,December 30, 2025,Pending_Approval,abandoned,Missing Q7 (2025 Preference) response,No,(not found),(not found),(empty/null),2025-12-30T06:32:59.451Z,2025-12-30T21:16:17.539Z
f1d0ffdc-71eb-4c23-a777-0831a8c70799,69536f4d69f89fe2b031c001,5ddcb7df-e37b-4575-9634-ced3da9276e3,cati,December 30, 2025,Pending_Approval,abandoned,Missing Q7 (2025 Preference) response,No,(not found),(not found),(empty/null),2025-12-30T06:21:01.598Z,2025-12-30T21:16:17.539Z
b62669da-1e96-4b41-9e75-2047396b4825,69536f24d635c681ec9f237b,cf9cea2e-0863-403c-b4d0-690c1bbc2151,cati,December 30, 2025,Pending_Approval,abandoned,Missing Q7 (2025 Preference) response,No,(not found),(not found),(empty/null),2025-12-30T06:20:20.331Z,2025-12-30T21:16:17.539Z
9f89c751-e106-41a3-904b-794ff23f557e,69536c8210f87233002b5069,ee97fd63-f714-4889-aeb7-958d84e7d89c,cati,December 30, 2025,Pending_Approval,abandoned,Missing Q7 (2025 Preference) response,No,(not found),(not found),(empty/null),2025-12-30T06:09:06.422Z,2025-12-30T21:16:17.539Z
70efdb3b-4520-4ac0-9304-dcc6ced29489,69536c4930e8ef52b7727f52,ff5289d5-15de-4508-ab3d-169ff7563307,cati,December 30, 2025,Pending_Approval,abandoned,Missing Q7 (2025 Preference) response,No,(not found),(not found),(empty/null),2025-12-30T06:08:09.432Z,2025-12-30T21:16:17.539Z
ad2361f9-c5b0-4189-8abd-9743cbd6a2b7,69536ba983d650bc19f5560f,de9e7035-cfbe-4b7d-b841-396cfc720d45,cati,December 30, 2025,Pending_Approval,abandoned,Missing Q7 (2025 Preference) response,No,(not found),(not found),(empty/null),2025-12-30T06:05:29.852Z,2025-12-30T21:16:17.539Z
7fc9dc8a-a398-44dc-905c-8a18cf9f50f2,69536b36af7f84216c43dd63,c546fb35-129a-4f33-a964-5580092f0cc7,cati,December 30, 2025,Pending_Approval,abandoned,Missing Q7 (2025 Preference) response,No,(not found),(not found),(empty/null),2025-12-30T06:03:34.252Z,2025-12-30T21:16:17.539Z
9cd2a977-7a67-4b7a-b57b-daf14ab9b1a6,69536b129845ac392f586d4a,82f26507-a5db-4996-9db6-2532da6bda79,cati,December 30, 2025,Pending_Approval,abandoned,Missing Q7 (2025 Preference) response,No,(not found),(not found),(empty/null),2025-12-30T06:02:58.254Z,2025-12-30T21:16:17.539Z
9d4e7da8-4b14-453b-9af9-c7294e897137,69536ab1469fdfa5c05de6db,519c0792-2ea8-40f5-9227-cd4fe5022213,cati,December 30, 2025,Pending_Approval,abandoned,Missing Q7 (2025 Preference) response,No,(not found),(not found),(empty/null),2025-12-30T06:01:21.858Z,2025-12-30T21:16:17.539Z
ed00568d-826f-4253-b404-c1bbdc6021b6,695369bedd028d3c8d32e0d4,1cd7c84c-e2c1-4abb-b166-2035d9c15f07,cati,December 30, 2025,Pending_Approval,abandoned,Missing Q7 (2025 Preference) response,No,(not found),(not found),(empty/null),2025-12-30T05:57:18.631Z,2025-12-30T21:16:17.539Z
163e06bb-3c7d-4788-ac58-20d717040121,6953686feefbd8506782460c,8d6e44f6-1eb6-42d2-836e-fb10dfb15c0e,cati,December 30, 2025,Pending_Approval,abandoned,Missing Q7 (2025 Preference) response,No,(not found),(not found),(empty/null),2025-12-30T05:51:43.902Z,2025-12-30T21:16:17.539Z
aec138b6-2aad-4dac-9ea1-de98320272a1,695367922fb10a45505bce07,8cc2dc76-1688-433b-9ba6-c57b580103b1,cati,December 30, 2025,Pending_Approval,abandoned,Missing Q7 (2025 Preference) response,No,(not found),(not found),(empty/null),2025-12-30T05:48:02.960Z,2025-12-30T21:16:17.539Z
11e88a2e-9ba1-465b-9924-b74de0e8900d,695367538782708ba11e5595,3632cb6e-22bd-4e12-a550-d80a85e5f1e1,cati,December 30, 2025,Pending_Approval,abandoned,Missing Q7 (2025 Preference) response,No,(not found),(not found),(empty/null),2025-12-30T05:46:59.867Z,2025-12-30T21:16:17.539Z
ebb99733-f1a0-4f6b-8df9-2055c11b63bb,695366463bfe4c305e007c24,07ce4590-9bf1-41c3-ac50-8c0f4567969d,cati,December 30, 2025,Pending_Approval,abandoned,Missing Q7 (2025 Preference) response,No,(not found),(not found),(empty/null),2025-12-30T05:42:30.052Z,2025-12-30T21:16:17.539Z
beea50df-ee70-40bd-ad4e-9a6f13b84b16,6953654aa0ccc8e4c64de117,6820a14d-255f-4cdc-b0f8-70c3a077ed06,cati,December 30, 2025,Pending_Approval,abandoned,Missing Q7 (2025 Preference) response,No,(not found),(not found),(empty/null),2025-12-30T05:38:18.584Z,2025-12-30T21:16:17.539Z
58b2f0e7-b326-4b3b-a029-5fc13cd82222,695364dfc26bf3d649eedce9,75b00aad-c6e7-4f1a-8a53-4857d8c4d205,cati,December 30, 2025,Pending_Approval,abandoned,Missing Q7 (2025 Preference) response,No,(not found),(not found),(empty/null),2025-12-30T05:36:31.676Z,2025-12-30T21:16:17.539Z
5d598410-978e-4589-9c75-279eb48ae159,695364a37437bf829e1b4251,1bbe90d7-e322-435f-b6ac-57a9243d21d9,cati,December 30, 2025,Pending_Approval,abandoned,Missing Q7 (2025 Preference) response,No,(not found),(not found),(empty/null),2025-12-30T05:35:31.185Z,2025-12-30T21:16:17.539Z
1694c79e-3c27-4996-afce-364c39b98527,695364693e8e0c1ce2352c08,1f3da08f-4a46-48fd-8f15-59e47f9e37d7,cati,December 30, 2025,Pending_Approval,abandoned,Missing Q7 (2025 Preference) response,No,(not found),(not found),(empty/null),2025-12-30T05:34:33.304Z,2025-12-30T21:16:17.539Z
8033e4e6-34b2-4bcf-bb23-73416eaa633b,6953639eb59240392cf4deea,3fac618d-fcf4-4685-87e8-8b399bddeded,cati,December 30, 2025,Pending_Approval,abandoned,Missing Q7 (2025 Preference) response,No,(not found),(not found),(empty/null),2025-12-30T05:31:10.730Z,2025-12-30T21:16:17.539Z
f10c2df5-30a0-4516-a4c5-afa700e14150,695362e94dff38bd40f5a25a,9a3d7f02-d5c5-493b-a3a2-da91fda32096,cati,December 30, 2025,Pending_Approval,abandoned,Missing Q7 (2025 Preference) response,No,(not found),(not found),(empty/null),2025-12-30T05:28:09.011Z,2025-12-30T21:16:17.539Z
d29a273f-a0ac-4835-8f61-5fa430b830fa,695362b6614bce936ac27a9d,119966b2-15ff-4e79-b389-3fddc2867817,cati,December 30, 2025,Pending_Approval,abandoned,Missing Q7 (2025 Preference) response,No,(not found),(not found),(empty/null),2025-12-30T05:27:18.447Z,2025-12-30T21:16:17.539Z
e3747c05-3b37-45d9-8293-42ac7b6c63b8,69536204e74a339fb0209383,835c3be2-4df0-4a2e-a59c-f9188def8732,cati,December 30, 2025,Pending_Approval,abandoned,Missing Q7 (2025 Preference) response,No,(not found),(not found),(empty/null),2025-12-30T05:24:20.239Z,2025-12-30T21:16:17.539Z
4bed24d0-b713-444b-a8df-5b0d9cf4ff03,69536132c214617457f9d523,0e655f72-a056-4107-8ed4-dd05b6d650dc,cati,December 30, 2025,Pending_Approval,abandoned,Missing Q7 (2025 Preference) response,No,(not found),(not found),(empty/null),2025-12-30T05:20:50.174Z,2025-12-30T21:16:17.539Z
a811778b-60ac-42f1-8699-bd0409f55a90,69535ff57e91e91b91781278,7810197b-021e-4bb3-9ef5-c55dd98dc80b,cati,December 30, 2025,Pending_Approval,abandoned,Missing Q7 (2025 Preference) response,No,(not found),(not found),(empty/null),2025-12-30T05:15:33.727Z,2025-12-30T21:16:17.539Z
20241063-0760-4d35-9ef7-be0651472000,69535e9814f706b5a85776a1,035ba4bb-5917-45cf-9b8e-4994bf77149b,cati,December 30, 2025,Pending_Approval,abandoned,Missing Q7 (2025 Preference) response,No,(not found),(not found),(empty/null),2025-12-30T05:09:44.233Z,2025-12-30T21:16:17.539Z
c822baa0-e8e6-4bb6-ab3a-66587b13ce1f,69535e31107299c8b9145c6f,438bfcd3-047f-4314-a821-11e073da566a,cati,December 30, 2025,Pending_Approval,abandoned,Missing Q7 (2025 Preference) response,No,(not found),(not found),(empty/null),2025-12-30T05:08:01.414Z,2025-12-30T21:16:17.539Z
9d77b212-15f3-4377-96ec-3dfde2eb0e48,69535dcafa067935703d6e2e,c1eb28ab-74f9-4ff9-86c8-8ce3d88f0401,cati,December 30, 2025,Pending_Approval,abandoned,Missing Q7 (2025 Preference) response,No,(not found),(not found),(empty/null),2025-12-30T05:06:18.575Z,2025-12-30T21:16:17.539Z
511cbbd5-fe07-49e0-92c9-40d36ccf976f,6953594f9c7230f084398e80,04aa60e8-5b64-4f4e-a539-4c9706fd9fc1,cati,December 30, 2025,Pending_Approval,abandoned,Missing Q7 (2025 Preference) response,No,(not found),(not found),(empty/null),2025-12-30T04:47:11.196Z,2025-12-30T21:16:17.539Z
fc3fbefd-897c-47c5-905a-e2bee05bc5b7,6953588802aafda46acaa784,2b4a4977-d4d8-48d5-9851-91076d915b8f,cati,December 30, 2025,Pending_Approval,abandoned,Missing Q7 (2025 Preference) response,No,(not found),(not found),(empty/null),2025-12-30T04:43:52.644Z,2025-12-30T21:16:17.539Z
1881a875-5d85-469e-897e-be447cb63f3d,695356d919446da43bfbba74,b0de7244-e929-4762-88f4-b14ed6ca6bdf,cati,December 30, 2025,Pending_Approval,abandoned,Missing Q7 (2025 Preference) response,No,(not found),(not found),(empty/null),2025-12-30T04:36:41.724Z,2025-12-30T21:16:17.539Z
8018f1bf-77a4-444a-b4b9-e01d97781eb0,69534ba3cf81065ec8b521b3,80ca6640-6621-480c-b4ca-e228c67bdc54,cati,December 30, 2025,Pending_Approval,abandoned,Missing Q7 (2025 Preference) response,No,(not found),(not found),(empty/null),2025-12-30T03:48:51.470Z,2025-12-30T21:16:17.539Z